ailearning,keras.callbacks.EarlyStopping
ailearning,keras.callbacks.EarlyStopping
ailearning,keras.callbacks.EarlyStopping
ailearning,keras.callbacks.EarlyStopping
ailearning,keras.callbacks.EarlyStopping
ailearning,keras.callbacks.EarlyStopping
ailearning,keras.callbacks.EarlyStopping
ailearning,keras.callbacks.ModelCheckpoint
ailearning,keras.callbacks.EarlyStopping
ailearning,keras.callbacks.EarlyStopping
ailearning,keras.callbacks.ModelCheckpoint
ailearning,keras.callbacks.ModelCheckpoint
Air-Pollution,category._IgnoreWarnings
Air-Pollution,_IgnoreWarnings
Air-Pollution,_IgnoreWarnings
Air-Pollution,category._IgnoreWarnings
Air-Pollution,_IgnoreWarnings
Air-Pollution,_IgnoreWarnings
Air-Pollution,category._IgnoreWarnings
Air-Pollution,_IgnoreWarnings
Air-Pollution,_IgnoreWarnings
Air-Pollution,category._IgnoreWarnings
Air-Pollution,_IgnoreWarnings
Air-Pollution,_IgnoreWarnings
CarND-Capstone-Wolf-Pack,ModelCheckpoint
DeepLearningExamples,pl.callbacks.ModelCheckpoint
DeepLearningExamples,pl.callbacks.ModelCheckpoint
DeepLearningExamples,pl.callbacks.ModelCheckpoint
DeepLearningExamples,ModelCheckpoint
DeepLearningExamples,EarlyStopping
DeepLearningExamples,ModelCheckpoint
DeepLearningExamples,EarlyStopping
DeepLearningExamples,ModelCheckpoint
DeepLearningExamples,EarlyStopping
DeepLearningExamples,ModelCheckpoint
DeepLearningExamples,EarlyStopping
DeepLearningExamples,ModelCheckpoint
DeepLearningExamples,EarlyStopping
DeepLearningExamples,ModelCheckpoint
DeepLearningExamples,EarlyStopping
DeepLearningExamples,ModelCheckpoint
DeepLearningExamples,EarlyStopping
DeepLearningExamples,ModelCheckpoint
DeepLearningExamples,EarlyStopping
DeepLearningExamples,ModelCheckpoint
DeepLearningExamples,EarlyStopping
DeepLearningExamples,ModelCheckpoint
DeepLearningExamples,EarlyStopping
DeepLearningExamples,ModelCheckpoint
DeepLearningExamples,EarlyStopping
DeepLearningExamples,ModelCheckpoint
DeepLearningExamples,EarlyStopping
DeepLearningExamples,ModelCheckpoint
DeepLearningExamples,EarlyStopping
DeepLearningExamples,optim.lr_scheduler.ReduceLROnPlateau
DeepLearningExamples,optim.lr_scheduler.ReduceLROnPlateau
DeepLearningExamples,optim.lr_scheduler.ReduceLROnPlateau
DeepLearningExamples,optim.lr_scheduler.ReduceLROnPlateau
DeepLearningExamples,optim.lr_scheduler.ReduceLROnPlateau
DeepLearningExamples,optim.lr_scheduler.ReduceLROnPlateau
DeepLearningExamples,EarlyStopping
DeepLearningExamples,ModelCheckpoint
DeepLearningExamples,EarlyStopping
DeepLearningExamples,ModelCheckpoint
DeepLearningExamples,EarlyStopping
DeepLearningExamples,ModelCheckpoint
DeepLearningExamples,EarlyStopping
DeepLearningExamples,ModelCheckpoint
DeepLearningExamples,torch.optim.lr_scheduler.ReduceLROnPlateau
DeepLearningExamples,torch.optim.lr_scheduler.ReduceLROnPlateau
DeepLearningExamples,tf.keras.callbacks.ModelCheckpoint
DeepLearningExamples,tf.keras.callbacks.ModelCheckpoint
DeepLearningExamples,tf.keras.callbacks.ModelCheckpoint
DeepLearningExamples,tf.keras.callbacks.ModelCheckpoint
DeepLearningExamples,tf.keras.callbacks.ModelCheckpoint
DeepLearningExamples,tf.keras.callbacks.ModelCheckpoint
DeepLearningExamples,tf.keras.callbacks.ModelCheckpoint
DeepLearningExamples,self.BertModelCheckpoint.super.__init__
DeepLearningExamples,self.BertModelCheckpoint.super.__init__
DeepLearningExamples,self.BertModelCheckpoint.super.__init__
DeepLearningExamples,self.BertModelCheckpoint.super.__init__
DeepLearningExamples,self.BertModelCheckpoint.super.__init__
DeepLearningExamples,tf.keras.callbacks.ModelCheckpoint
DeepLearningExamples,self.BertModelCheckpoint.super.__init__
DeepLearningExamples,tf.keras.callbacks.ModelCheckpoint
DeepLearningExamples,self.BertModelCheckpoint.super.__init__
DeepLearningExamples,tf.keras.callbacks.ModelCheckpoint
DeepLearningExamples,self.BertModelCheckpoint.super.__init__
DeepLearningExamples,tf.keras.callbacks.ModelCheckpoint
DeepLearningExamples,self.BertModelCheckpoint.super.__init__
DeepLearningExamples,tf.keras.callbacks.ModelCheckpoint
DeepLearningExamples,self.BertModelCheckpoint.super.__init__
DeepLearningExamples,tf.keras.callbacks.ModelCheckpoint
DeepLearningExamples,tf.keras.callbacks.ModelCheckpoint
DeepLearningExamples,tf.keras.callbacks.ModelCheckpoint
DeepLearningExamples,tf.keras.callbacks.ModelCheckpoint
deep_framework,EarlyStopping
deep_framework,EarlyStopping
deep_framework,EarlyStopping
Django_web,tf.keras.callbacks.ModelCheckpoint
Django_web,tf.keras.callbacks.ModelCheckpoint
Django_web,tf.keras.callbacks.ModelCheckpoint
Django_web,tf.keras.callbacks.ModelCheckpoint
Django_web,tf.keras.callbacks.ModelCheckpoint
donkeycar,EarlyStoppingCallback
donkeycar,EarlyStoppingCallback
donkeycar,EarlyStoppingCallback
donkeycar,EarlyStoppingCallback
donkeycar,EarlyStoppingCallback
donkeycar,EarlyStoppingCallback
donkeycar,EarlyStoppingCallback
donkeycar,EarlyStoppingCallback
donkeycar,EarlyStoppingCallback
donkeycar,EarlyStopping
donkeycar,ModelCheckpoint
donkeycar,EarlyStoppingCallback
donkeycar,EarlyStopping
donkeycar,ModelCheckpoint
donkeycar,EarlyStoppingCallback
donkeycar,EarlyStopping
donkeycar,ModelCheckpoint
donkeycar,EarlyStoppingCallback
donkeycar,EarlyStopping
donkeycar,ModelCheckpoint
donkeycar,EarlyStoppingCallback
donkeycar,EarlyStopping
donkeycar,ModelCheckpoint
donkeycar,EarlyStoppingCallback
donkeycar,EarlyStopping
donkeycar,ModelCheckpoint
donkeycar,EarlyStoppingCallback
donkeycar,EarlyStopping
donkeycar,ModelCheckpoint
donkeycar,EarlyStoppingCallback
donkeycar,EarlyStopping
donkeycar,ModelCheckpoint
donkeycar,EarlyStoppingCallback
donkeycar,EarlyStopping
donkeycar,ModelCheckpoint
donkeycar,EarlyStoppingCallback
donkeycar,EarlyStopping
donkeycar,ModelCheckpoint
donkeycar,EarlyStoppingCallback
donkeycar,EarlyStopping
donkeycar,ModelCheckpoint
donkeycar,EarlyStoppingCallback
donkeycar,EarlyStopping
donkeycar,ModelCheckpoint
donkeycar,EarlyStoppingCallback
donkeycar,EarlyStopping
donkeycar,ModelCheckpoint
donkeycar,EarlyStoppingCallback
donkeycar,EarlyStopping
donkeycar,ModelCheckpoint
donkeycar,EarlyStoppingCallback
donkeycar,EarlyStopping
donkeycar,ModelCheckpoint
donkeycar,EarlyStoppingCallback
donkeycar,EarlyStopping
donkeycar,ModelCheckpoint
donkeycar,EarlyStoppingCallback
donkeycar,EarlyStopping
donkeycar,ModelCheckpoint
donkeycar,EarlyStoppingCallback
donkeycar,EarlyStopping
donkeycar,ModelCheckpoint
donkeycar,EarlyStoppingCallback
donkeycar,EarlyStopping
donkeycar,ModelCheckpoint
donkeycar,EarlyStoppingCallback
donkeycar,EarlyStopping
donkeycar,ModelCheckpoint
donkeycar,EarlyStoppingCallback
donkeycar,EarlyStopping
donkeycar,ModelCheckpoint
donkeycar,EarlyStoppingCallback
donkeycar,EarlyStopping
donkeycar,ModelCheckpoint
donkeycar,EarlyStoppingCallback
donkeycar,EarlyStopping
donkeycar,ModelCheckpoint
donkeycar,EarlyStoppingCallback
donkeycar,EarlyStopping
donkeycar,ModelCheckpoint
donkeycar,EarlyStoppingCallback
donkeycar,EarlyStopping
donkeycar,ModelCheckpoint
FARM,EarlyStopping
FARM,EarlyStopping
FARM,EarlyStopping
FARM,EarlyStopping
FARM,EarlyStopping
FARM,EarlyStopping
FARM,EarlyStopping
FARM,EarlyStopping
FARM,EarlyStopping
FARM,EarlyStopping
FARM,EarlyStopping
FARM,EarlyStopping
FARM,EarlyStopping
FARM,EarlyStopping
FARM,EarlyStopping
FARM,EarlyStopping
FARM,EarlyStopping
FARM,EarlyStopping
FARM,EarlyStopping
FARM,EarlyStopping
FARM,EarlyStopping
FARM,EarlyStopping
FARM,EarlyStopping
FARM,EarlyStopping
FARM,EarlyStopping
FARM,EarlyStopping
FARM,EarlyStopping
FARM,EarlyStopping
FARM,EarlyStopping
FARM,EarlyStopping
FARM,EarlyStopping
FARM,EarlyStopping
FARM,EarlyStopping
FARM,EarlyStopping
FARM,EarlyStopping
FARM,EarlyStopping
FARM,EarlyStopping
FARM,EarlyStopping
FARM,EarlyStopping
FARM,EarlyStopping
FARM,EarlyStopping
FARM,EarlyStopping
FARM,EarlyStopping
FARM,EarlyStopping
FARM,EarlyStopping
FARM,EarlyStopping
FARM,EarlyStopping
FARM,EarlyStopping
FARM,EarlyStopping
FARM,EarlyStopping
FARM,EarlyStopping
FARM,EarlyStopping
FARM,EarlyStopping
FARM,EarlyStopping
FARM,EarlyStopping
FARM,EarlyStopping
FARM,EarlyStopping
FARM,EarlyStopping
FARM,EarlyStopping
FARM,EarlyStopping
FARM,EarlyStopping
FARM,EarlyStopping
FARM,EarlyStopping
FARM,EarlyStopping
FARM,EarlyStopping
FARM,EarlyStopping
FARM,EarlyStopping
FARM,EarlyStopping
FARM,EarlyStopping
FARM,EarlyStopping
FARM,EarlyStopping
FARM,EarlyStopping
FARM,EarlyStopping
FARM,EarlyStopping
FARM,EarlyStopping
FARM,EarlyStopping
FARM,EarlyStopping
FARM,EarlyStopping
FARM,EarlyStopping
FARM,EarlyStopping
federated,ReduceLROnPlateau
federated,ReduceLROnPlateau
federated,ReduceLROnPlateau
federated,ReduceLROnPlateau
federated,AtomicCSVLogger
federated,AtomicCSVLogger
federated,centralized_training_loop.AtomicCSVLogger
federated,centralized_training_loop.AtomicCSVLogger
federated,AtomicCSVLogger
federated,centralized_training_loop.AtomicCSVLogger
federated,centralized_training_loop.AtomicCSVLogger
federated,AtomicCSVLogger
federated,centralized_training_loop.AtomicCSVLogger
federated,centralized_training_loop.AtomicCSVLogger
federated,AtomicCSVLogger
federated,centralized_training_loop.AtomicCSVLogger
federated,centralized_training_loop.AtomicCSVLogger
federated,tf.keras.callbacks.ModelCheckpoint
federated,AtomicCSVLoggerCallback
federated,tf.keras.callbacks.ModelCheckpoint
federated,AtomicCSVLoggerCallback
federated,metric_utils.AtomicCSVLoggerCallback
federated,metric_utils.AtomicCSVLoggerCallback
federated,tf.keras.callbacks.ModelCheckpoint
federated,AtomicCSVLoggerCallback
federated,metric_utils.AtomicCSVLoggerCallback
federated,metric_utils.AtomicCSVLoggerCallback
federated,tf.keras.callbacks.ModelCheckpoint
federated,AtomicCSVLoggerCallback
federated,metric_utils.AtomicCSVLoggerCallback
federated,metric_utils.AtomicCSVLoggerCallback
federated,tf.keras.callbacks.ModelCheckpoint
federated,AtomicCSVLoggerCallback
federated,metric_utils.AtomicCSVLoggerCallback
federated,metric_utils.AtomicCSVLoggerCallback
federated,tf.keras.callbacks.ModelCheckpoint
federated,AtomicCSVLoggerCallback
federated,metric_utils.AtomicCSVLoggerCallback
federated,metric_utils.AtomicCSVLoggerCallback
federated,tf.keras.callbacks.ModelCheckpoint
federated,AtomicCSVLoggerCallback
federated,metric_utils.AtomicCSVLoggerCallback
federated,metric_utils.AtomicCSVLoggerCallback
federated,tf.keras.callbacks.ModelCheckpoint
federated,AtomicCSVLoggerCallback
federated,metric_utils.AtomicCSVLoggerCallback
federated,metric_utils.AtomicCSVLoggerCallback
federated,tf.keras.callbacks.ModelCheckpoint
federated,AtomicCSVLoggerCallback
federated,metric_utils.AtomicCSVLoggerCallback
federated,metric_utils.AtomicCSVLoggerCallback
federated,tf.keras.callbacks.ModelCheckpoint
federated,AtomicCSVLoggerCallback
federated,metric_utils.AtomicCSVLoggerCallback
federated,metric_utils.AtomicCSVLoggerCallback
Galaxy-ML,EarlyStopping
Galaxy-ML,EarlyStopping
Galaxy-ML,EarlyStopping
Galaxy-ML,EarlyStopping
graph_coattention,ModelCheckpoint
graph_coattention,ReduceLROnPlateau
graph_coattention,ModelCheckpoint
graph_coattention,ReduceLROnPlateau
graph_coattention,ModelCheckpoint
graph_coattention,ReduceLROnPlateau
graph_coattention,ModelCheckpoint
graph_coattention,ReduceLROnPlateau
graph_coattention,ModelCheckpoint
graph_coattention,ReduceLROnPlateau
graph_coattention,ModelCheckpoint
graph_coattention,ReduceLROnPlateau
graph_coattention,ModelCheckpoint
graph_coattention,ReduceLROnPlateau
graph_coattention,ModelCheckpoint
graph_coattention,ReduceLROnPlateau
graph_coattention,ModelCheckpoint
graph_coattention,ReduceLROnPlateau
graph_coattention,ModelCheckpoint
graph_coattention,ReduceLROnPlateau
graph_coattention,ModelCheckpoint
graph_coattention,ReduceLROnPlateau
graph_coattention,ModelCheckpoint
graph_coattention,ReduceLROnPlateau
graph_coattention,ModelCheckpoint
graph_coattention,ReduceLROnPlateau
graph_coattention,ModelCheckpoint
graph_coattention,ReduceLROnPlateau
horovod,keras.callbacks.ModelCheckpoint
horovod,tf.keras.callbacks.ModelCheckpoint
horovod,tf.keras.callbacks.ModelCheckpoint
horovod,tf.keras.callbacks.ModelCheckpoint
horovod,keras.callbacks.ModelCheckpoint
horovod,keras.callbacks.ModelCheckpoint
horovod,keras.callbacks.ModelCheckpoint
horovod,keras.callbacks.ModelCheckpoint
horovod,keras.callbacks.ModelCheckpoint
horovod,keras.callbacks.ReduceLROnPlateau
horovod,keras.callbacks.ModelCheckpoint
horovod,ModelCheckpoint
horovod,ModelCheckpoint
horovod,ModelCheckpoint
horovod,tf.keras.callbacks.ModelCheckpoint
horovod,tf.keras.callbacks.ReduceLROnPlateau
horovod,tf.keras.callbacks.EarlyStopping
horovod,tf.keras.callbacks.ModelCheckpoint
horovod,tf.keras.callbacks.ReduceLROnPlateau
horovod,tf.keras.callbacks.EarlyStopping
horovod,tf.keras.callbacks.ModelCheckpoint
horovod,tf.keras.callbacks.ReduceLROnPlateau
horovod,tf.keras.callbacks.EarlyStopping
horovod,tf.keras.callbacks.ModelCheckpoint
horovod,tf.keras.callbacks.ReduceLROnPlateau
horovod,tf.keras.callbacks.EarlyStopping
horovod,tf.keras.callbacks.ModelCheckpoint
horovod,BestModelCheckpoint
horovod,tf.keras.callbacks.ReduceLROnPlateau
horovod,tf.keras.callbacks.EarlyStopping
horovod,tf.keras.callbacks.ModelCheckpoint
horovod,BestModelCheckpoint
horovod,tf.keras.callbacks.ReduceLROnPlateau
horovod,tf.keras.callbacks.EarlyStopping
horovod,tf.keras.callbacks.ModelCheckpoint
horovod,ModelCheckpoint
horovod,EarlyStopping
horovod,ModelCheckpoint
horovod,EarlyStopping
horovod,ModelCheckpoint
horovod,EarlyStopping
horovod,keras.callbacks.ModelCheckpoint
horovod,keras.callbacks.ModelCheckpoint
horovod,keras.callbacks.ModelCheckpoint
horovod,keras.callbacks.ModelCheckpoint
horovod,keras.callbacks.ModelCheckpoint
horovod,keras.callbacks.ModelCheckpoint
horovod,tf.keras.callbacks.ModelCheckpoint
horovod,tf.keras.callbacks.ModelCheckpoint
horovod,tf.keras.callbacks.ModelCheckpoint
horovod,tf.keras.callbacks.ModelCheckpoint
horovod,self.BestModelCheckpoint.super.__init__
horovod,self.BestModelCheckpoint.super.__init__
horovod,self.BestModelCheckpoint.super.__init__
horovod,k.callbacks.ModelCheckpoint
horovod,k.callbacks.ModelCheckpoint
horovod,k.callbacks.ModelCheckpoint
horovod,k.callbacks.ModelCheckpoint
horovod,k.callbacks.ModelCheckpoint
horovod,k.callbacks.ModelCheckpoint
horovod,k.callbacks.ModelCheckpoint
horovod,k.callbacks.ModelCheckpoint
horovod,ModelCheckpoint
horovod,ModelCheckpoint
horovod,ModelCheckpoint
horovod,self.BestModelCheckpoint.super.__init__
horovod,self.BestModelCheckpoint.super.__init__
horovod,self.BestModelCheckpoint.super.__init__
horovod,BestModelCheckpoint
horovod,BestModelCheckpoint
horovod,EarlyStopping
horovod,ModelCheckpoint
horovod,BestModelCheckpoint
horovod,EarlyStopping
horovod,ModelCheckpoint
horovod,BestModelCheckpoint
horovod,EarlyStopping
horovod,ModelCheckpoint
horovod,BestModelCheckpoint
horovod,EarlyStopping
horovod,ModelCheckpoint
kur,logging.captureWarnings
Mask_RCNN,keras.callbacks.ModelCheckpoint
Mask_RCNN,keras.callbacks.ModelCheckpoint
Mask_RCNN,keras.callbacks.ModelCheckpoint
Mask_RCNN,keras.callbacks.ModelCheckpoint
Mask_RCNN,keras.callbacks.ModelCheckpoint
ml4chem,torch.optim.lr_scheduler.ReduceLROnPlateau
ml4chem,torch.optim.lr_scheduler.ReduceLROnPlateau
ml4chem,torch.optim.lr_scheduler.ReduceLROnPlateau
moneycat,category._IgnoreWarnings
moneycat,_IgnoreWarnings
moneycat,_IgnoreWarnings
moneycat,category._IgnoreWarnings
moneycat,_IgnoreWarnings
moneycat,_IgnoreWarnings
moneycat,category._IgnoreWarnings
moneycat,_IgnoreWarnings
moneycat,_IgnoreWarnings
moneycat,category._IgnoreWarnings
moneycat,_IgnoreWarnings
moneycat,_IgnoreWarnings
moneycat,category._IgnoreWarnings
moneycat,_IgnoreWarnings
moneycat,_IgnoreWarnings
moneycat,category._IgnoreWarnings
moneycat,_IgnoreWarnings
moneycat,_IgnoreWarnings
moneycat,category._IgnoreWarnings
moneycat,_IgnoreWarnings
moneycat,_IgnoreWarnings
MultiSeg,keras.callbacks.ModelCheckpoint
MultiSeg,keras.callbacks.ModelCheckpoint
MultiSeg,keras.callbacks.ModelCheckpoint
MultiSeg,keras.callbacks.ModelCheckpoint
MultiSeg,keras.callbacks.ModelCheckpoint
MultiSeg,keras.callbacks.ModelCheckpoint
MultiSeg,ReduceLROnPlateau
MultiSeg,ModelCheckpoint
MultiSeg,CSVLogger
MultiSeg,ReduceLROnPlateau
MultiSeg,ModelCheckpoint
MultiSeg,CSVLogger
MultiSeg,ReduceLROnPlateau
MultiSeg,ModelCheckpoint
MultiSeg,CSVLogger
MultiSeg,ReduceLROnPlateau
MultiSeg,ModelCheckpoint
MultiSeg,CSVLogger
ocrd_keraslm,EarlyStopping
ocrd_keraslm,EarlyStopping
ocropus4,ModelCheckpoint
ocropus4,ModelCheckpoint
ocropus4,ModelCheckpoint
ocropus4,ModelCheckpoint
ocropus4,ModelCheckpoint
ocropus4,ModelCheckpoint
ocropus4,ModelCheckpoint
ocropus4,ModelCheckpoint
ocropus4,ModelCheckpoint
ocropus4,ModelCheckpoint
ocropus4,ModelCheckpoint
ocropus4,ModelCheckpoint
ocropus4,ModelCheckpoint
ocropus4,ModelCheckpoint
OpenHands,pl.callbacks.ModelCheckpoint
OpenHands,pl.callbacks.ModelCheckpoint
OpenHands,pl.callbacks.ModelCheckpoint
OpenHands,ModelCheckpoint
OpenHands,EarlyStopping
OpenHands,ModelCheckpoint
OpenHands,EarlyStopping
OpenHands,ModelCheckpoint
OpenHands,EarlyStopping
PointerNetworks,torch.optim.lr_scheduler.ReduceLROnPlateau
PointerNetworks,torch.optim.lr_scheduler.ReduceLROnPlateau
PointerNetworks,torch.optim.lr_scheduler.ReduceLROnPlateau
PointerNetworks,torch.optim.lr_scheduler.ReduceLROnPlateau
PointerNetworks,torch.optim.lr_scheduler.ReduceLROnPlateau
PointerNetworks,torch.optim.lr_scheduler.ReduceLROnPlateau
PointerNetworks,torch.optim.lr_scheduler.ReduceLROnPlateau
PointerNetworks,torch.optim.lr_scheduler.ReduceLROnPlateau
PointerNetworks,torch.optim.lr_scheduler.ReduceLROnPlateau
PointerNetworks,torch.optim.lr_scheduler.ReduceLROnPlateau
PointerNetworks,torch.optim.lr_scheduler.ReduceLROnPlateau
PointerNetworks,torch.optim.lr_scheduler.ReduceLROnPlateau
PointerNetworks,torch.optim.lr_scheduler.ReduceLROnPlateau
PointerNetworks,torch.optim.lr_scheduler.ReduceLROnPlateau
PointerNetworks,torch.optim.lr_scheduler.ReduceLROnPlateau
PointerNetworks,torch.optim.lr_scheduler.ReduceLROnPlateau
PointerNetworks,torch.optim.lr_scheduler.ReduceLROnPlateau
PointerNetworks,torch.optim.lr_scheduler.ReduceLROnPlateau
PointerNetworks,torch.optim.lr_scheduler.ReduceLROnPlateau
PointerNetworks,torch.optim.lr_scheduler.ReduceLROnPlateau
PointerNetworks,torch.optim.lr_scheduler.ReduceLROnPlateau
PointerNetworks,torch.optim.lr_scheduler.ReduceLROnPlateau
PointerNetworks,torch.optim.lr_scheduler.ReduceLROnPlateau
PointerNetworks,torch.optim.lr_scheduler.ReduceLROnPlateau
PointerNetworks,torch.optim.lr_scheduler.ReduceLROnPlateau
PointerNetworks,torch.optim.lr_scheduler.ReduceLROnPlateau
PointerNetworks,torch.optim.lr_scheduler.ReduceLROnPlateau
PointerNetworks,torch.optim.lr_scheduler.ReduceLROnPlateau
PointerNetworks,torch.optim.lr_scheduler.ReduceLROnPlateau
PointerNetworks,torch.optim.lr_scheduler.ReduceLROnPlateau
PointerNetworks,torch.optim.lr_scheduler.ReduceLROnPlateau
PointerNetworks,torch.optim.lr_scheduler.ReduceLROnPlateau
PointerNetworks,torch.optim.lr_scheduler.ReduceLROnPlateau
PointerNetworks,torch.optim.lr_scheduler.ReduceLROnPlateau
PointerNetworks,torch.optim.lr_scheduler.ReduceLROnPlateau
PointerNetworks,torch.optim.lr_scheduler.ReduceLROnPlateau
PointerNetworks,torch.optim.lr_scheduler.ReduceLROnPlateau
PointerNetworks,torch.optim.lr_scheduler.ReduceLROnPlateau
PointerNetworks,torch.optim.lr_scheduler.ReduceLROnPlateau
PointerNetworks,torch.optim.lr_scheduler.ReduceLROnPlateau
PointerNetworks,torch.optim.lr_scheduler.ReduceLROnPlateau
PointerNetworks,torch.optim.lr_scheduler.ReduceLROnPlateau
PointerNetworks,torch.optim.lr_scheduler.ReduceLROnPlateau
PointerNetworks,torch.optim.lr_scheduler.ReduceLROnPlateau
PointerNetworks,torch.optim.lr_scheduler.ReduceLROnPlateau
PointerNetworks,torch.optim.lr_scheduler.ReduceLROnPlateau
PointerNetworks,torch.optim.lr_scheduler.ReduceLROnPlateau
PointerNetworks,torch.optim.lr_scheduler.ReduceLROnPlateau
PointerNetworks,torch.optim.lr_scheduler.ReduceLROnPlateau
PointerNetworks,torch.optim.lr_scheduler.ReduceLROnPlateau
PointerNetworks,torch.optim.lr_scheduler.ReduceLROnPlateau
PointerNetworks,torch.optim.lr_scheduler.ReduceLROnPlateau
PointerNetworks,torch.optim.lr_scheduler.ReduceLROnPlateau
PointerNetworks,torch.optim.lr_scheduler.ReduceLROnPlateau
PointerNetworks,torch.optim.lr_scheduler.ReduceLROnPlateau
PointerNetworks,torch.optim.lr_scheduler.ReduceLROnPlateau
PointerNetworks,torch.optim.lr_scheduler.ReduceLROnPlateau
PointerNetworks,torch.optim.lr_scheduler.ReduceLROnPlateau
PointerNetworks,torch.optim.lr_scheduler.ReduceLROnPlateau
PointerNetworks,torch.optim.lr_scheduler.ReduceLROnPlateau
PointerNetworks,torch.optim.lr_scheduler.ReduceLROnPlateau
PointerNetworks,torch.optim.lr_scheduler.ReduceLROnPlateau
PointerNetworks,torch.optim.lr_scheduler.ReduceLROnPlateau
PointerNetworks,torch.optim.lr_scheduler.ReduceLROnPlateau
PointerNetworks,torch.optim.lr_scheduler.ReduceLROnPlateau
PointerNetworks,torch.optim.lr_scheduler.ReduceLROnPlateau
PointerNetworks,torch.optim.lr_scheduler.ReduceLROnPlateau
PointerNetworks,torch.optim.lr_scheduler.ReduceLROnPlateau
PointerNetworks,torch.optim.lr_scheduler.ReduceLROnPlateau
PointerNetworks,torch.optim.lr_scheduler.ReduceLROnPlateau
PointerNetworks,torch.optim.lr_scheduler.ReduceLROnPlateau
PointerNetworks,torch.optim.lr_scheduler.ReduceLROnPlateau
PointerNetworks,torch.optim.lr_scheduler.ReduceLROnPlateau
PointerNetworks,torch.optim.lr_scheduler.ReduceLROnPlateau
PointerNetworks,torch.optim.lr_scheduler.ReduceLROnPlateau
PointerNetworks,torch.optim.lr_scheduler.ReduceLROnPlateau
PointerNetworks,torch.optim.lr_scheduler.ReduceLROnPlateau
PointerNetworks,torch.optim.lr_scheduler.ReduceLROnPlateau
PointerNetworks,torch.optim.lr_scheduler.ReduceLROnPlateau
PointerNetworks,torch.optim.lr_scheduler.ReduceLROnPlateau
PointerNetworks,torch.optim.lr_scheduler.ReduceLROnPlateau
PointerNetworks,torch.optim.lr_scheduler.ReduceLROnPlateau
PointerNetworks,torch.optim.lr_scheduler.ReduceLROnPlateau
PointerNetworks,torch.optim.lr_scheduler.ReduceLROnPlateau
PointerNetworks,torch.optim.lr_scheduler.ReduceLROnPlateau
PointerNetworks,torch.optim.lr_scheduler.ReduceLROnPlateau
project-NN-Pytorch-scripts,torch_optim_steplr.ReduceLROnPlateau
project-NN-Pytorch-scripts,torch_optim_steplr.ReduceLROnPlateau
project-NN-Pytorch-scripts,torch_optim_steplr.ReduceLROnPlateau
project-NN-Pytorch-scripts,torch_optim_steplr.ReduceLROnPlateau
pykale,ModelCheckpoint
pykale,ModelCheckpoint
pykale,ModelCheckpoint
pykale,ModelCheckpoint
pykale,ModelCheckpoint
pykale,ModelCheckpoint
pykale,ModelCheckpoint
pykale,ModelCheckpoint
pykale,ModelCheckpoint
pykale,ModelCheckpoint
pykale,ModelCheckpoint
pykale,ModelCheckpoint
pykale,ModelCheckpoint
pykale,ModelCheckpoint
pykale,ModelCheckpoint
pykale,ModelCheckpoint
pykale,ModelCheckpoint
pykale,ModelCheckpoint
pykale,ModelCheckpoint
pyro,torch.optim.lr_scheduler.ReduceLROnPlateau
pyro,torch.optim.lr_scheduler.ReduceLROnPlateau
pyro,torch.optim.lr_scheduler.ReduceLROnPlateau
pyro,torch.optim.lr_scheduler.ReduceLROnPlateau
pyro,torch.optim.lr_scheduler.ReduceLROnPlateau
pyro,torch.optim.lr_scheduler.ReduceLROnPlateau
pyro,torch.optim.lr_scheduler.ReduceLROnPlateau
pyro,torch.optim.lr_scheduler.ReduceLROnPlateau
pyro,torch.optim.lr_scheduler.ReduceLROnPlateau
pyro,torch.optim.lr_scheduler.ReduceLROnPlateau
pyro,optim.ReduceLROnPlateau
pyro,optim.ReduceLROnPlateau
R-CPATMiner,category._IgnoreWarnings
R-CPATMiner,_IgnoreWarnings
R-CPATMiner,_IgnoreWarnings
rgn2-replica,ModelCheckpoint
rgn2-replica,ModelCheckpoint
rgn2-replica,ModelCheckpoint
speechbrain,torch.optim.lr_scheduler.ReduceLROnPlateau
speechbrain,torch.optim.lr_scheduler.ReduceLROnPlateau
speechbrain,torch.optim.lr_scheduler.ReduceLROnPlateau
speechbrain,torch.optim.lr_scheduler.ReduceLROnPlateau
speechbrain,torch.optim.lr_scheduler.ReduceLROnPlateau
speechbrain,torch.optim.lr_scheduler.ReduceLROnPlateau
speechbrain,torch.optim.lr_scheduler.ReduceLROnPlateau
speechbrain,torch.optim.lr_scheduler.ReduceLROnPlateau
speechbrain,torch.optim.lr_scheduler.ReduceLROnPlateau
speechbrain,torch.optim.lr_scheduler.ReduceLROnPlateau
speechbrain,torch.optim.lr_scheduler.ReduceLROnPlateau
speechbrain,torch.optim.lr_scheduler.ReduceLROnPlateau
speechbrain,torch.optim.lr_scheduler.ReduceLROnPlateau
speechbrain,torch.optim.lr_scheduler.ReduceLROnPlateau
speechbrain,torch.optim.lr_scheduler.ReduceLROnPlateau
speechbrain,torch.optim.lr_scheduler.ReduceLROnPlateau
speechbrain,torch.optim.lr_scheduler.ReduceLROnPlateau
speechbrain,torch.optim.lr_scheduler.ReduceLROnPlateau
speechbrain,torch.optim.lr_scheduler.ReduceLROnPlateau
speechbrain,torch.optim.lr_scheduler.ReduceLROnPlateau
speechbrain,torch.optim.lr_scheduler.ReduceLROnPlateau
speechbrain,torch.optim.lr_scheduler.ReduceLROnPlateau
speechbrain,torch.optim.lr_scheduler.ReduceLROnPlateau
speechbrain,torch.optim.lr_scheduler.ReduceLROnPlateau
speechbrain,torch.optim.lr_scheduler.ReduceLROnPlateau
speechbrain,torch.optim.lr_scheduler.ReduceLROnPlateau
speechbrain,torch.optim.lr_scheduler.ReduceLROnPlateau
speechbrain,torch.optim.lr_scheduler.ReduceLROnPlateau
speechbrain,torch.optim.lr_scheduler.ReduceLROnPlateau
speechbrain,torch.optim.lr_scheduler.ReduceLROnPlateau
speechbrain,torch.optim.lr_scheduler.ReduceLROnPlateau
speechbrain,torch.optim.lr_scheduler.ReduceLROnPlateau
speechbrain,torch.optim.lr_scheduler.ReduceLROnPlateau
speechbrain,torch.optim.lr_scheduler.ReduceLROnPlateau
speechbrain,torch.optim.lr_scheduler.ReduceLROnPlateau
speechbrain,torch.optim.lr_scheduler.ReduceLROnPlateau
speechbrain,torch.optim.lr_scheduler.ReduceLROnPlateau
speechbrain,torch.optim.lr_scheduler.ReduceLROnPlateau
speechbrain,torch.optim.lr_scheduler.ReduceLROnPlateau
speechbrain,torch.optim.lr_scheduler.ReduceLROnPlateau
speechbrain,torch.optim.lr_scheduler.ReduceLROnPlateau
speechbrain,torch.optim.lr_scheduler.ReduceLROnPlateau
speechbrain,torch.optim.lr_scheduler.ReduceLROnPlateau
speechbrain,torch.optim.lr_scheduler.ReduceLROnPlateau
speechbrain,torch.optim.lr_scheduler.ReduceLROnPlateau
speechbrain,torch.optim.lr_scheduler.ReduceLROnPlateau
speechbrain,torch.optim.lr_scheduler.ReduceLROnPlateau
speechbrain,torch.optim.lr_scheduler.ReduceLROnPlateau
speechbrain,torch.optim.lr_scheduler.ReduceLROnPlateau
speechbrain,torch.optim.lr_scheduler.ReduceLROnPlateau
speechbrain,torch.optim.lr_scheduler.ReduceLROnPlateau
speechbrain,torch.optim.lr_scheduler.ReduceLROnPlateau
speechbrain,torch.optim.lr_scheduler.ReduceLROnPlateau
speechbrain,torch.optim.lr_scheduler.ReduceLROnPlateau
speechbrain,torch.optim.lr_scheduler.ReduceLROnPlateau
speechbrain,torch.optim.lr_scheduler.ReduceLROnPlateau
speechbrain,torch.optim.lr_scheduler.ReduceLROnPlateau
speechbrain,torch.optim.lr_scheduler.ReduceLROnPlateau
speechbrain,torch.optim.lr_scheduler.ReduceLROnPlateau
speechbrain,torch.optim.lr_scheduler.ReduceLROnPlateau
tf-encrypted,keras.callbacks.ModelCheckpoint
tf-encrypted,keras.callbacks.ModelCheckpoint
tf-encrypted,keras.callbacks.ModelCheckpoint
themeaningofbrain,ModelCheckpoint
themeaningofbrain,ModelCheckpoint
themeaningofbrain,ModelCheckpoint
themeaningofbrain,ModelCheckpoint
themeaningofbrain,ModelCheckpoint
themeaningofbrain,ModelCheckpoint
themeaningofbrain,ModelCheckpoint
themeaningofbrain,ModelCheckpoint
themeaningofbrain,ModelCheckpoint
themeaningofbrain,ModelCheckpoint
themeaningofbrain,ModelCheckpoint
themeaningofbrain,ModelCheckpoint
themeaningofbrain,ModelCheckpoint
themeaningofbrain,ModelCheckpoint
themeaningofbrain,ModelCheckpoint
themeaningofbrain,ModelCheckpoint
themeaningofbrain,ModelCheckpoint
themeaningofbrain,ModelCheckpoint
themeaningofbrain,ModelCheckpoint
themeaningofbrain,ModelCheckpoint
themeaningofbrain,ModelCheckpoint
themeaningofbrain,ModelCheckpoint
themeaningofbrain,ModelCheckpoint
themeaningofbrain,ModelCheckpoint
themeaningofbrain,ModelCheckpoint
themeaningofbrain,ModelCheckpoint
themeaningofbrain,ModelCheckpoint
themeaningofbrain,ModelCheckpoint
themeaningofbrain,ModelCheckpoint
themeaningofbrain,ModelCheckpoint
themeaningofbrain,ModelCheckpoint
themeaningofbrain,ModelCheckpoint
themeaningofbrain,ModelCheckpoint
themeaningofbrain,ModelCheckpoint
themeaningofbrain,ModelCheckpoint
themeaningofbrain,ModelCheckpoint
Vigilantes,ModelCheckpoint
Vigilantes,ModelCheckpoint
Vigilantes,ModelCheckpoint
Vigilantes,ModelCheckpoint
Vigilantes,ModelCheckpoint
Vigilantes,ModelCheckpoint
Vigilantes,self.assertNoWarnings
Vigilantes,self.assertWarnings
Vigilantes,self.assertNoWarnings
Vigilantes,self.assertWarnings
Vigilantes,self.assertNoWarnings
Vigilantes,self.assertWarnings
Vigilantes,self.assertNoWarnings
Vigilantes,self.assertWarnings
Vigilantes,self.assertNoWarnings
Vigilantes,self.assertWarnings
Vigilantes,self.assertNoWarnings
Vigilantes,self.assertWarnings
Vigilantes,self.assertNoWarnings
Vigilantes,self.assertWarnings
Vigilantes,self.assertNoWarnings
Vigilantes,self.assertWarnings
Vigilantes,self.assertNoWarnings
Vigilantes,self.assertWarnings
Vigilantes,self.assertNoWarnings
Vigilantes,self.assertWarnings
Vigilantes,self.assertNoWarnings
Vigilantes,self.assertWarnings
Vigilantes,self.assertNoWarnings
Vigilantes,self.assertWarnings
Vigilantes,self.assertNoWarnings
Vigilantes,self.assertWarnings
Vigilantes,self.assertNoWarnings
Vigilantes,self.assertWarnings
Vigilantes,self.assertNoWarnings
Vigilantes,self.assertWarnings
Vigilantes,self.assertNoWarnings
Vigilantes,self.assertWarnings
Vigilantes,self.assertNoWarnings
Vigilantes,self.assertWarnings
Vigilantes,self.assertNoWarnings
Vigilantes,self.assertWarnings
Vigilantes,self.assertNoWarnings
Vigilantes,self.assertWarnings
Vigilantes,self.assertNoWarnings
Vigilantes,self.assertWarnings
Vigilantes,self.assertNoWarnings
Vigilantes,self.assertWarnings
Vigilantes,self.assertNoWarnings
Vigilantes,self.assertWarnings
Vigilantes,self.assertNoWarnings
Vigilantes,self.assertWarnings
Vigilantes,self.assertNoWarnings
Vigilantes,self.assertWarnings
Vigilantes,self.assertNoWarnings
Vigilantes,self.assertWarnings
Vigilantes,self.assertNoWarnings
Vigilantes,self.assertWarnings
Vigilantes,self.assertNoWarnings
Vigilantes,self.assertWarnings
Vigilantes,self.assertNoWarnings
Vigilantes,self.assertWarnings
Vigilantes,self.assertNoWarnings
Vigilantes,self.assertWarnings
Vigilantes,self.assertNoWarnings
Vigilantes,self.assertWarnings
Vigilantes,self.assertNoWarnings
Vigilantes,self.assertWarnings
Vigilantes,self.assertNoWarnings
Vigilantes,self.assertWarnings
Vigilantes,self.assertNoWarnings
Vigilantes,self.assertWarnings
Vigilantes,self.assertNoWarnings
Vigilantes,self.assertWarnings
Vigilantes,self.assertNoWarnings
Vigilantes,self.assertWarnings
Vigilantes,self.assertNoWarnings
Vigilantes,self.assertWarnings
Vigilantes,self.assertNoWarnings
Vigilantes,self.assertWarnings
Vigilantes,self.assertNoWarnings
Vigilantes,self.assertWarnings
Vigilantes,self.assertNoWarnings
Vigilantes,self.assertWarnings
Vigilantes,self.assertNoWarnings
Vigilantes,self.assertWarnings
Vigilantes,self.assertNoWarnings
Vigilantes,self.assertWarnings
Vigilantes,self.assertNoWarnings
Vigilantes,self.assertWarnings
Vigilantes,self.assertNoWarnings
Vigilantes,self.assertWarnings
Vigilantes,self.assertNoWarnings
Vigilantes,self.assertWarnings
Vigilantes,self.assertNoWarnings
Vigilantes,self.assertWarnings
Vigilantes,self.assertNoWarnings
Vigilantes,self.assertWarnings
Vigilantes,self.assertNoWarnings
Vigilantes,self.assertWarnings
Vigilantes,self.assertNoWarnings
Vigilantes,self.assertWarnings
Vigilantes,self.assertNoWarnings
Vigilantes,self.assertWarnings
Vigilantes,self.assertNoWarnings
Vigilantes,self.assertWarnings
Vigilantes,self.assertNoWarnings
Vigilantes,self.assertWarnings
Vigilantes,self.assertNoWarnings
Vigilantes,self.assertWarnings
Vigilantes,self.assertNoWarnings
Vigilantes,self.assertWarnings
Vigilantes,self.assertNoWarnings
Vigilantes,self.assertWarnings
Vigilantes,self.assertNoWarnings
Vigilantes,self.assertWarnings
Vigilantes,self.assertNoWarnings
Vigilantes,self.assertWarnings
Vigilantes,self.assertNoWarnings
Vigilantes,self.assertWarnings
Vigilantes,self.assertNoWarnings
Vigilantes,self.assertWarnings
Vigilantes,self.assertNoWarnings
Vigilantes,self.assertWarnings
Vigilantes,self.assertNoWarnings
Vigilantes,self.assertWarnings
Vigilantes,self.assertNoWarnings
Vigilantes,self.assertWarnings
Vigilantes,self.assertNoWarnings
Vigilantes,self.assertWarnings
Vigilantes,self.assertNoWarnings
Vigilantes,self.assertWarnings
Vigilantes,self.assertNoWarnings
Vigilantes,self.assertWarnings
Vigilantes,self.assertNoWarnings
Vigilantes,self.assertWarnings
Vigilantes,self.assertNoWarnings
Vigilantes,self.assertWarnings
Vigilantes,self.assertNoWarnings
Vigilantes,self.assertWarnings
Vigilantes,self.assertNoWarnings
Vigilantes,self.assertWarnings
Vigilantes,self.assertNoWarnings
Vigilantes,self.assertWarnings
Vigilantes,self.assertNoWarnings
Vigilantes,self.assertWarnings
Vigilantes,self.assertNoWarnings
Vigilantes,self.assertWarnings
Vigilantes,self.assertNoWarnings
Vigilantes,self.assertWarnings
Vigilantes,self.assertNoWarnings
Vigilantes,self.assertWarnings
Vigilantes,self.assertNoWarnings
Vigilantes,self.assertWarnings
Vigilantes,self.assertNoWarnings
Vigilantes,self.assertWarnings
Vigilantes,self.assertNoWarnings
Vigilantes,self.assertWarnings
Vigilantes,self.assertNoWarnings
Vigilantes,self.assertWarnings
Vigilantes,self.assertNoWarnings
Vigilantes,self.assertWarnings
Vigilantes,self.assertNoWarnings
Vigilantes,self.assertWarnings
Vigilantes,self.assertNoWarnings
Vigilantes,self.assertWarnings
Vigilantes,self.assertNoWarnings
Vigilantes,self.assertWarnings
Vigilantes,self.assertNoWarnings
Vigilantes,self.assertWarnings
Vigilantes,self.assertNoWarnings
Vigilantes,self.assertWarnings
Vigilantes,self.assertNoWarnings
Vigilantes,self.assertWarnings
Vigilantes,self.assertNoWarnings
Vigilantes,self.assertWarnings
Vigilantes,self.assertNoWarnings
Vigilantes,self.assertWarnings
Vigilantes,self.assertNoWarnings
Vigilantes,self.assertWarnings
Vigilantes,self.assertNoWarnings
Vigilantes,self.assertWarnings
Vigilantes,self.assertNoWarnings
Vigilantes,self.assertWarnings
Vigilantes,self.assertNoWarnings
Vigilantes,self.assertWarnings
Vigilantes,self.assertNoWarnings
Vigilantes,self.assertWarnings
Vigilantes,self.assertNoWarnings
Vigilantes,self.assertWarnings
Vigilantes,self.assertNoWarnings
Vigilantes,self.assertWarnings
Vigilantes,self.assertNoWarnings
Vigilantes,self.assertWarnings
Vigilantes,self.assertNoWarnings
Vigilantes,self.assertWarnings
Vigilantes,self.assertNoWarnings
Vigilantes,self.assertWarnings
Vigilantes,self.assertNoWarnings
Vigilantes,self.assertWarnings
Vigilantes,self.assertNoWarnings
Vigilantes,self.assertWarnings
Vigilantes,self.assertNoWarnings
Vigilantes,self.assertWarnings
Vigilantes,self.assertNoWarnings
Vigilantes,self.assertWarnings
Vigilantes,self.assertNoWarnings
Vigilantes,self.assertWarnings
Vigilantes,self.assertNoWarnings
Vigilantes,self.assertWarnings
Vigilantes,self.assertNoWarnings
Vigilantes,self.assertWarnings
Vigilantes,self.assertNoWarnings
Vigilantes,self.assertWarnings
Vigilantes,self.assertNoWarnings
Vigilantes,self.assertWarnings
Vigilantes,self.assertNoWarnings
Vigilantes,self.assertWarnings
Vigilantes,self.assertNoWarnings
Vigilantes,self.assertWarnings
Vigilantes,self.assertNoWarnings
Vigilantes,self.assertWarnings
Vigilantes,self.assertNoWarnings
Vigilantes,self.assertWarnings
Vigilantes,self.assertNoWarnings
Vigilantes,self.assertWarnings
Vigilantes,self.assertNoWarnings
Vigilantes,self.assertWarnings
Vigilantes,self.assertNoWarnings
Vigilantes,self.assertWarnings
Vigilantes,self.assertNoWarnings
Vigilantes,self.assertWarnings
Vigilantes,self.assertNoWarnings
Vigilantes,self.assertWarnings
Vigilantes,self.assertNoWarnings
Vigilantes,self.assertWarnings
Vigilantes,self.assertNoWarnings
Vigilantes,self.assertWarnings
Vigilantes,self.assertNoWarnings
Vigilantes,self.assertWarnings
Vigilantes,self.assertNoWarnings
Vigilantes,self.assertWarnings
Vigilantes,self.assertNoWarnings
Vigilantes,self.assertWarnings
Vigilantes,self.assertNoWarnings
Vigilantes,self.assertWarnings
Vigilantes,self.assertNoWarnings
Vigilantes,self.assertWarnings
Vigilantes,self.assertNoWarnings
Vigilantes,self.assertWarnings
Vigilantes,self.assertNoWarnings
Vigilantes,self.assertWarnings
Vigilantes,self.assertNoWarnings
Vigilantes,self.assertWarnings
Vigilantes,self.assertNoWarnings
Vigilantes,self.assertWarnings
Vigilantes,self.assertNoWarnings
Vigilantes,self.assertWarnings
Vigilantes,self.assertNoWarnings
Vigilantes,self.assertWarnings
Vigilantes,self.assertNoWarnings
Vigilantes,self.assertWarnings
Vigilantes,self.assertNoWarnings
Vigilantes,self.assertWarnings
Vigilantes,self.assertNoWarnings
Vigilantes,self.assertWarnings
Vigilantes,self.assertNoWarnings
Vigilantes,self.assertWarnings
Vigilantes,self.assertNoWarnings
Vigilantes,self.assertWarnings
Vigilantes,self.assertNoWarnings
Vigilantes,self.assertWarnings
Vigilantes,self.assertNoWarnings
Vigilantes,self.assertWarnings
Vigilantes,self.assertNoWarnings
Vigilantes,self.assertWarnings
Vigilantes,self.assertNoWarnings
Vigilantes,self.assertWarnings
Vigilantes,self.assertNoWarnings
Vigilantes,self.assertWarnings
Vigilantes,self.assertNoWarnings
Vigilantes,self.assertWarnings
Vigilantes,self.assertNoWarnings
Vigilantes,self.assertWarnings
Vigilantes,self.assertNoWarnings
Vigilantes,self.assertWarnings
Vigilantes,self.assertNoWarnings
Vigilantes,self.assertWarnings
Vigilantes,self.assertNoWarnings
Vigilantes,self.assertWarnings
Vigilantes,self.assertNoWarnings
Vigilantes,self.assertWarnings
Vigilantes,self.assertNoWarnings
Vigilantes,self.assertWarnings
Vigilantes,self.assertNoWarnings
Vigilantes,self.assertWarnings
Vigilantes,self.assertNoWarnings
Vigilantes,self.assertWarnings
Vigilantes,self.assertNoWarnings
Vigilantes,self.assertWarnings
Vigilantes,self.assertNoWarnings
Vigilantes,self.assertWarnings
Vigilantes,self.assertNoWarnings
Vigilantes,self.assertWarnings
Vigilantes,self.assertNoWarnings
Vigilantes,self.assertWarnings
Vigilantes,self.assertNoWarnings
Vigilantes,self.assertWarnings
Vigilantes,self.assertNoWarnings
Vigilantes,self.assertWarnings
Vigilantes,self.assertNoWarnings
Vigilantes,self.assertWarnings
Vigilantes,self.assertNoWarnings
Vigilantes,self.assertWarnings
Vigilantes,self.assertNoWarnings
Vigilantes,self.assertWarnings
Vigilantes,self.assertNoWarnings
Vigilantes,self.assertWarnings
Vigilantes,self.assertNoWarnings
Vigilantes,self.assertWarnings
Vigilantes,self.assertNoWarnings
Vigilantes,self.assertWarnings
Vigilantes,self.assertNoWarnings
Vigilantes,self.assertWarnings
Vigilantes,self.assertNoWarnings
Vigilantes,self.assertWarnings
Vigilantes,self.assertNoWarnings
Vigilantes,self.assertWarnings
Vigilantes,self.assertNoWarnings
Vigilantes,self.assertWarnings
Vigilantes,self.assertNoWarnings
Vigilantes,self.assertWarnings
Vigilantes,self.assertNoWarnings
Vigilantes,self.assertWarnings
Vigilantes,self.assertNoWarnings
Vigilantes,self.assertWarnings
Vigilantes,self.assertNoWarnings
Vigilantes,self.assertWarnings
Vigilantes,self.assertNoWarnings
Vigilantes,self.assertWarnings
Vigilantes,self.assertNoWarnings
Vigilantes,self.assertWarnings
Vigilantes,self.ReduceLROnPlateau.super.__init__
Vigilantes,self.ReduceLROnPlateau.super.__init__
Vigilantes,self.ReduceLROnPlateau.super.__init__
Vigilantes,self.ReduceLROnPlateau.super.__init__
Vigilantes,self.ReduceLROnPlateau.super.__init__
Vigilantes,self.ReduceLROnPlateau.super.__init__
Vigilantes,self.ReduceLROnPlateau.super.__init__
Vigilantes,self.ReduceLROnPlateau.super.__init__
Vigilantes,self.ReduceLROnPlateau.super.__init__
Vigilantes,self.ReduceLROnPlateau.super.__init__
Vigilantes,self.ReduceLROnPlateau.super.__init__
Vigilantes,self.EarlyStopping.super.__init__
Vigilantes,self.ReduceLROnPlateau.super.__init__
Vigilantes,ModelCheckpoint
Vigilantes,self.EarlyStopping.super.__init__
Vigilantes,self.ReduceLROnPlateau.super.__init__
Vigilantes,ModelCheckpoint
Vigilantes,self.EarlyStopping.super.__init__
Vigilantes,self.ReduceLROnPlateau.super.__init__
Vigilantes,ModelCheckpoint
Vigilantes,self.EarlyStopping.super.__init__
Vigilantes,self.ReduceLROnPlateau.super.__init__
Vigilantes,ModelCheckpoint
Vigilantes,self.EarlyStopping.super.__init__
Vigilantes,self.ReduceLROnPlateau.super.__init__
Vigilantes,ModelCheckpoint
Vigilantes,self.EarlyStopping.super.__init__
Vigilantes,self.ReduceLROnPlateau.super.__init__
Vigilantes,ModelCheckpoint
Vigilantes,self.EarlyStopping.super.__init__
Vigilantes,self.ReduceLROnPlateau.super.__init__
Vigilantes,ModelCheckpoint
Vigilantes,self.EarlyStopping.super.__init__
Vigilantes,self.ReduceLROnPlateau.super.__init__
Vigilantes,ModelCheckpoint
Vigilantes,self.EarlyStopping.super.__init__
Vigilantes,self.ReduceLROnPlateau.super.__init__
Vigilantes,ModelCheckpoint
Vigilantes,category._IgnoreWarnings
Vigilantes,_IgnoreWarnings
Vigilantes,_IgnoreWarnings
Vigilantes,category._IgnoreWarnings
Vigilantes,_IgnoreWarnings
Vigilantes,_IgnoreWarnings
Vigilantes,category._IgnoreWarnings
Vigilantes,_IgnoreWarnings
Vigilantes,_IgnoreWarnings
Voice-Privacy-Challenge-2022,torch_optim_steplr.ReduceLROnPlateau
Voice-Privacy-Challenge-2022,torch_optim_steplr.ReduceLROnPlateau
Voice-Privacy-Challenge-2022,torch_optim_steplr.ReduceLROnPlateau
Voice-Privacy-Challenge-2022,torch_optim_steplr.ReduceLROnPlateau
