repo_name,num_stars,num_forks,num_contributor,num_commit
tinchoa/normalizer,0,0,1,68
jonathasrc/INAR,0,0,1,5
aasouzaconsult/Luppar-News-Rec,1,0,1,135
SHRAVANI-PRAJIL/shravani_srisailam,0,0,1,5
russDA/DnD_Adventure_Predictor,0,0,1,6
PreethiJC/Information-Retrieval,9,3,1,4
jayantkeswani/SocialMedia_Profiling,0,1,0,8
imayassi/datum_canada,0,0,1,3
ael2193/Resume_Experiment_Analysis,0,0,1,16
dyno-marketing/text-classification-api,1,2,2,7
yanyundoris/eLearning_yyliu,0,0,1,20
Wrestlemaniaa/Automation,0,0,3,18
namkolgnottw/MarkerAlgorithmWithMachineLearning,0,0,1,10
s260895/auto_mileage_visualization,0,0,1,6
rsumana/UserProfiling,8,5,1,2
aligorithms/cuisine,0,0,1,3
vidushi002/TermPredictionwithUI,0,0,1,40
siddharth-dot/soft.github.io,0,0,1,1
AkashJ487/Projects,0,0,1,1
DannyDannyDanny/CDA,0,0,1,66
Susanou/MachineLearning,0,0,1,87
RichelieuRosa/Lqwhooljhqw-Sbwkrq-Y,4,5,5,50
zeyh/machine-learning-projects,0,0,1,10
rupak-roy/streamlit_churn_analysis,1,0,1,59
dssg-berlin/hackathon-borderstep,0,1,5,96
EshaanJames/multipage_app,0,0,1,12
OmdenaAI/omdena-philippines-renewable,32,7,11,129
vinayaksh42/vinayaksh42-gmail.com,0,0,1,9
PadraicM71/Experiment,0,0,1,8
taitanmai/studybehaviour,0,0,1,13
jacesca/python_ds,0,0,1,90
Aziguy/DataScienceEDA,1,0,1,16
Green-Pea-Ai/cheese_flask_proj,0,1,1,70
imayassi/datum,0,0,1,6
AmartyaS/Resume-Classification,1,0,1,7
agtaweel/arabic-text-classification,3,0,1,4
Vizards8/Quick-Machine-Learning,0,0,1,3
rjm49/isaacdata,0,1,1,81
blakexdd/INF_course_job,2,0,1,28
Jihun22/PycharmProjects,0,0,1,102
LeKiet258/DS-Project03-Fake-News-Detection,0,0,3,41
sanjivko/datasc,0,0,0,2
wesleyz/RII-2018,0,0,1,8
15steps/ir_project,0,0,2,92
Igor-Yudin/autosite,0,0,2,40
sappy5678/Orientan,1,2,3,125
haodc123/python_crawling,0,0,1,30
chandrakanta-chaudhury/Machine-Learning,0,0,1,7
sunnysuman/LeadScore,0,0,1,17
Hemanth9336/Sentiment-Analysis-Using-Python,0,0,1,4
trizkynoviandy/streamlit_classifications,0,0,1,2
yujiniseyo/streamlit-diabetes-prediction-app,0,0,1,10
anton164/predicting-citation-counts,2,0,3,176
aakshay001/Diabetes_Prediction,0,0,1,6
preeti297/Sound-Based-Two-Factor-Authentication,1,0,1,4
pcortajarena/tf-sne,0,0,1,53
andrewgcodes/geneRanker,0,0,1,41
n7-sehgalr/strive-ai-may-2021-remote,0,1,1,190
lxueqian/Fraud-Detection,2,0,1,3
siddharth-dot/software123.github.io,0,0,1,1
MatthewChristian/BigDataProject,0,0,2,37
m00nlight/hackerrank,9,7,1,182
dev-jey/jumia-kilimall,3,1,1,48
yawenz/ML,0,0,1,9
lightonphiri/etd_autoclassifier,2,0,1,10
chai915/srs2019,0,0,1,4
Pra-kriti/Health-Diagnosis,0,0,1,4
soominok/cheese-ai,0,0,1,87
leedanieluk/data_mining,0,0,1,3
kitsamho/General-Assembly_DSI-Capstone-Project,0,0,1,64
sduprey/PYTHON_WEB,0,0,1,22
pks3kor/For_GitHub,1,0,1,38
domonic/CS490_DomonicNeal,0,0,1,73
exciteproject/Exparser,4,5,3,74
marcduby/MachineLearningPython,0,2,2,236
AshwinBalaji52/Personality-Detection-using-Handwriting,0,0,1,3
nmzz209741/SanjivaniDiagnosis,0,0,1,2
123pratik/ToxicCommentProject,0,0,1,27
rustom/lifespan-prediction,0,0,2,42
zunzzzzz/DL_competition1,0,0,1,8
pradeep-dsml/ML-WebApp-deployment-on-Heroku-experimental,0,0,1,15
SultanaOmar/Disaster-Response-Pipelines-Project,0,0,1,6
xfifix/SEO_PYTHON_RD,0,0,1,43
muneeb-centum/ecomm-classification,0,0,1,2
kazukiyo17/AIProject,0,0,1,2
nitishtalekar/ProjectsGit,1,2,3,441
tmoravec/thematic,1,1,0,118
vinayaksh42/ML-web-App,1,0,1,10
Keesiu/meta-kaggle,0,1,1,202
twareproj/tware,0,1,0,1
NVIDIA/DeepLearningExamples,7810,2256,79,1089
MaurovX/Nanodegree_Disasters_Pipeline,0,0,1,17
georgetown-analytics/Air-Pollution,1,2,5,106
Saurabh-Tambe/Diabetes-Prediction-System,1,1,1,6
mashres15/FakeNewsCapstone,1,0,1,5
rohit49plus2/Rohit-MT-UBC,0,0,1,72
parkjungkwan/hama-flask-review,0,2,1,52
Andri202/naiveBayesClassifier,0,1,1,3
NishitaNarvekar/Phishing-website,1,1,0,1
Phase-02/Indor-Air-Quality-Monitoring-Sytem,0,0,1,5
embedded-bitai/EMP,1,6,5,102
YONG-FU/ScikitLearn-Intelligent_Reviewer,0,1,0,3
incubated-geek-cc/your-custom-app-name,2,10,1,7
shankhsuri/Musical-Instrument-Classification-Project,1,0,1,7
soominok/cheese-api,0,0,1,87
PambosH96/Machine-Learning-Project-for-Retailer,0,0,1,19
harsh-8989/Software-Eng.-project,1,3,4,102
poojakaur23/Tymlo,0,0,1,28
selkhayri/Predict_Now,0,0,1,19
tripathishubham1/streamlittoheroku,0,0,1,25
asmaalegat/initial_dashboard_with_Dash,0,0,1,1
Steven-Carter-Data/NLP_Text_Classification,0,0,1,14
rezash121/Data-mining-projects,0,0,1,6
nkdinsdale/docClassifier,0,0,1,12
rohansasmal123/continuous-testing,0,0,2,23
Guilhem-Dubernet/Handwritten_hebrew_recognition,1,0,1,11
MPMG-DCC-UFMG/M03,1,0,2,13
Naman86078/SugarCheckApp,0,0,1,2
LeKiet258/INTRO-DATA-SCIENCE,0,0,1,2
shanky1947/Diabetes-Prediction-Web-App,0,0,1,2
gambo2007/FinalDatamining,0,0,1,2
BinZ-creator/Hackthon,0,0,1,11
ebaduldufbs/CodeDeployGitHubDemo.,0,0,1,12
ju-mc/metis5-nlp,0,0,1,27
Mobile-IoT-Security-Lab/3PDroid-public,6,5,1,1
as2leung/disaster_alerts_classifier_web_app_project,0,0,1,17
LizJnuzyt/zyt,0,0,1,7
aruna09/PhishingURLDetection,1,0,1,19
dyhan73/BookCode,0,0,1,9
faqih-ar/Game-Retail,0,0,1,5
fatihgnc/web-scraping,0,0,1,2
Airenn/SVM_Spam,0,0,1,14
StrayCamel247/Django_web,58,13,2,129
jimmygoddard/cs677,0,1,1,46
chanship72/finance,0,1,1,14
laisj/Toolkit,0,0,1,73
boourbon/WebTrafficTimePrediction,0,0,1,5
dyeralec/My_Wonderful_Scripts,0,0,1,16
discobot/LambdaMart,67,41,1,15
yassienshaalan/L2RP,1,1,1,24
belya/p300-eda,3,0,1,12
lizzie8023/AutomaticWB,0,0,1,60
PraveenAdepu/kaggle_competitions,0,0,1,4
rulo96z/Crypto_Signal_Provider,2,3,4,34
Teekuningas/signals,0,0,1,187
marzooq-unbxd/ndcg_comparison,0,0,1,4
vthuong/MixGHD,0,0,1,3
FinancialEngineerLab/finefinance,10,4,1,80
AngusGLChen/LinkingEdX,0,1,1,3
Ningshiqi/semi-supervised-graph-based-classification,9,3,1,23
evevkovacs/ML-SN-Classifier,0,1,1,73
sameraamar/Twitter-New-Event-Detection-version1,4,0,1,26
eqasim-org/california,5,1,1,38
georgedimitriadis/themeaningofbrain,2,1,3,143
Babkes/Babkes,0,0,1,24
yodsawadee/iqa-kmitl,0,0,1,22
yodsawadee/iqa-kmitl-v2,0,0,1,8
sethah/kaggle_web_traffic,0,0,1,1
jerrizhou/Marketing-Analytics-IMDB,0,0,2,37
genepattern/DiffEx,0,0,1,15
edjuaro/DiffEX_dev,0,0,1,3
genepattern/docker-python37,0,0,1,1
ckmah/ccal,0,1,4,997
genepattern/docker-python36,0,0,3,89
davidhungpill/ktwizai,0,1,2,42
nischalshrestha/automatic_wat_discovery,2,1,1,60
zackw/tbbscraper,23,16,4,360
gistable/gistable,70,18,1,1
malefs/security-smell-detector-python-gist,1,6,1,21
dockerizeme/dockerizeme,21,16,3,13
rsrjohnson/CS6375,0,0,1,10
bethany0-0/Y3,1,0,1,50
chrlsrey/Coding-Assignments,0,0,1,3
pietersavenberg/thesis,1,1,1,65
MagedMohamedTurk/A-B-testing,0,0,1,1
SebastianMacaluso/Deep-learning_jet-images,2,1,1,13
Dazhuzhu-github/running-robot,0,0,2,38
mohsseha/DSI-BOS-students,0,0,11,640
mukatee/github-issue-predictor,0,0,1,5
mukatee/ml-experiments,0,4,1,38
AngelikiTsintzira/Continuous-implicit-authentication-of-smartphone-users-using-navigation-data,2,5,1,11
AI4Bharat/OpenHands,10,0,3,111
gmum/mlls2015,15,6,2,231
farisknight13/DataMining,0,0,1,15
masterStormtrooper/VITAE-mm-pi,0,1,5,513
jaydu1/VITAE,14,6,3,459
route2sabya/ecsws_predictorApp,0,0,0,1
vignesh-11/restaura1,0,0,1,1
Msaleh87/Machine-learning-Coursera-Andrew-Ng-in-Python,0,0,1,13
clams97/ES_Dashboard,0,0,1,74
cyoukaikai/ahc_ete,0,0,1,9
snykiotcubedev/scikit-learn-0.24.2,0,0,2,4
sethdzimmerman/OldBoysClubs_Replication,0,0,0,1
SpeciesDecipit/Thesis-PML-DL,0,0,3,36
ShvetankPrakash/CodeErrorDetection,0,0,1,75
ask-waldo-archive/ask-waldo-keyphrase-extraction-serverless,0,0,1,18
odaga/FlaskAPI,0,0,1,4
gnaynad/quasi-scikit-learn,0,0,0,4
gopalalok/video-recommendation-APP,0,0,1,5
ogrisel/scikit-learn-github-actions,2,3,1853,26319
Narasimhareddy26/scikit-learn,0,0,1998,26908
ryfeus/lambda-packs,1055,228,7,74
GaryeongKim/Scipy,0,0,1954,26759
chenz1hao/two-layer-model,4,2,1,12
rajpatel5/scikit-contributions,0,0,1,4
DarlingMoo/scikit-learning-,0,0,1883,26474
WaywardPhoton/QSciTech-QuantumBC-Workshop-Team4-Solution,0,0,2,27
GoloMarcos/Multimodal-OCL-IST-2021,0,0,1,4
tamyksu/Fnirs-Recording,0,0,1,2
jadna/GRS_POI,0,0,1,39
GoloMarcos/TripleVAE-Events,0,0,1,41
WeilerWebServices/scikit-learn,0,0,1,1
ChoeMinji/scikit-learn-0.24.2,0,0,1,1
GloryKim/yglearn,0,0,1,6
CheKaiWei/Machine-Learning-SUStech-CS405,1,0,1,2
Giannos-G/scikit-learn_modified,0,0,1,23
quendee/auto-ml,0,0,1,16
Aschente0/scikit-learn-fixes,0,0,1,9
radovicstef/cineast,0,0,1,34
MutsukiMoon/MyScikitLearn,0,0,331,26505
ashok-jaga/scikit,0,0,1982,26855
LisettGarcia/LisettGarcia,0,0,2085,27273
kcherianthomas/Blend-Cocktail,0,0,1,24
vedkharche538/scikit-learn,0,0,1,1
maldil/R-CPATMiner,4,0,3,156
c-w-m/scikit-learn,0,1,2135,27511
GoloMarcos/MVAE-RelevantReviews,0,0,1,12
Vitervo/Scikit-learn,0,0,1919,26583
dongtv2/VTC_PYTHON_04,0,0,1,39
Nihal2000/sklearn-dev-0.0,0,1,2,28
JavieW/sklearn,0,0,0,1
imjacobclark/pickles,0,0,1,1
schogini/ml-sree,0,0,1,6
RMosen/Audiobook-Engine,0,0,1,40
Sharmilendran/lubrigo_try,0,0,1,2
jacobkj314/spacy-dependencies,0,0,0,1
jaeyow/f1-predictor,0,0,1,88
everbolt/calhacks-uniswap,0,1,4,120
nArrow4/AutoAim,2,0,1,15
jacobkj314/python-packages,0,0,1,3
aws-samples/aws-lambda-layer-create-script,10,8,1,5
SamTDickinson/scikit-learn-lambda,0,0,1,5
rohankumardubey/scikit-learn,0,0,2146,27575
noname30081/NCKU_BioIR,0,0,1,21
huantd/matsml,0,0,1,20
sandialabs/pvOps,6,4,5,276
mojokageni/scikit-learn,0,0,2083,27262
scikit-learn/scikit-learn,49084,22660,2247,27947
ophirgal/ssl-descent,0,0,1,2
Hunter833838/cscd01-project,0,0,7,44
hd2zm/Data-Science-Projects,3,0,1,83
pnb/fairfs,1,0,4,41
leexa90/Projects,1,2,1,158
Anygma1/E-commerce-Brand-Analysis,0,0,1,2
preesr/machine-learning,0,0,1,14
ParCoreLab/SpTRSV_Framework,5,1,1,1
jkosterhale/cytometric,0,0,1,1
Brandon233/PINN,0,0,1,1
TKGgunter/OLD_WW_analysis,0,0,1,28
ShahradSarvarzadeh/predict-House-prices-from-Scout24,0,0,1,3
sameerkhanna786/CVUEBA,0,1,1,3
anksng/sequence_tagging_experimental_framework,2,0,1,30
basic1aw/CMB_Fintech_Datascience,1,1,1,19
theovasi/browsewiki,0,0,1,117
asharmehmood/context_words_and_sentences_extraction,0,0,1,3
Vraj531/AMC-SSDA,2,1,1,11
michaelzhouy/Competition,4,0,1,1153
nchos88/ML_LIB,2,0,1,57
Trebolium/VoicePerception,1,0,1,10
Prayushi9/AMC-SSDA,1,2,1,3
WataruMiyabayashi/django_csv_upload_sample,0,0,1,28
timothyyu/ml_monorepo,41,33,1,83
saikrishna197/densenetmodel,0,0,1,9
johannespetrat/OptML,79,4,2,90
thomaspingel/neilpy,7,4,2,148
HridoyRafid26/Sign-Language-Generation-with-Neural-Network,0,0,1,3
xiwenchao/UF_code-dealing-with-microsctucture,1,0,1,6
maliha93/Fairness-Analysis-Code,0,0,1,9
yangxiamike/Interior-Point-Method,0,0,1,3
jehezkiel1699/classification,0,0,1,38
zwzhzhzhzhzh/GitSync,0,0,1,11
TomoyukiNamura/lckme_test,0,0,1,9
sky660099/mopeye,0,0,976,22394
Feretj/scikit-learn-hse-project,0,0,310,21865
nirvanacafe/scikit-learn,0,0,945,22275
NickVeld/scikit-learn-proj,1,0,1,33
Keqinli33/mobile_team,0,0,1,7
jhagle4/SSU_Preserve,0,0,1,85
OlinAlvarez/openCV,0,0,1,14
weilu/moneycat,1,2,3,188
PizzaPatz/Blood_Vessels_Segmentation,0,3,1,6
ananddtyagi/idioms,0,0,1,61
HalukaMB/masterthesis_final,0,0,1,6
shkupfer/sklearn_modified_tree,1,0,0,2
EnjoyLifeFund/Debian_py36_packages,0,0,1,1
rmcbee/knock_off,0,0,2,22
anu71195/new-svm,0,0,1,11
heqixi/work,0,0,1,1
espenmeidell/lambda-dependencies,0,0,2,8
pedrojpaez/pythonServer,0,0,1,16
Kutim/ML,0,0,1,13
digimatronics/sci-kit,1,0,757,21548
fabilies/Project78,0,0,1,1
Najah-lshanableh/Python,0,1,881,21943
tdurieux/BugSwarm-dissection,1,0,1,27
ensemblr/hacking-sklearn,0,0,1,5
SnehaMishra28/BigData_Programming_Summer2018,0,0,1,36
svayamm/c4g-rpt,1,0,0,11
lybyx/Test1,0,0,1,10
souravbose1991/scikit-learn_implementations,0,0,749,21555
VinodhThiagarajan1309/machine-learning-notebook,0,1,1,3
binarybana/samcnet,14,3,1,254
StefanDeWitHR/Project78,0,0,4,21
enzlaur/ALGOCOMP2,0,0,1,23
rojimaharjan/USSupremeCourt,0,0,1,3
f-tonini/SAVI-tool,1,1,2,36
ryujiam/syuron2,0,0,0,26
johnnykwwang/GPGPU_Final_Python_CUDA,2,0,0,5
thakur-nishant/Google-Cloud-Services,0,0,1,3
hannounfouad/FYP-Python-Multiple,0,0,1,8
sakib/scikit-learn,1,0,935,22247
thulasiramkarnam/Bconecode,0,0,1,5
limaomei1986/scikit-learn,0,0,1049,22680
LegalEd/django-blog,0,0,1,7
hannounfouad/FYP-Python,0,0,1,8
souenxx/reccomend,0,0,1,2
LiuFang816/SALSTM_py_data,7,4,1,1
kellyhennigan/cueexp_scripts,0,1,1,571
mikezsx/sklearn,0,0,836,21778
KueskiEngineering/scikit-learn,0,0,925,22203
dhruv5995/Wine-Quality-Prediction,0,0,1,7
leelicent/machine-learning-,0,0,784,21661
jocan3/TextKNNPy,1,0,1,10
alex-parisi/Heteronymous-Ambiguity-Resolution,2,1,1,1
khuongnguyenBlue/sentiment,0,0,1,1
jfpferreira/Fusao_e_Recuperacao_de_Imagem_Satelite_para_NDVI,1,1,1,4
KakuyaShiraishi/sci_learn,0,0,1,2
cndn/intelligent-code-completion,11,12,3,49
TQRG/BugSwarm,0,1,1,3
bnymnsntrk/Digit-Recognition--Machine-Learning,1,0,2,12
hateno/scikit-learn,0,0,901,22161
sahamath/EGini,0,0,1110,22910
AbdulrahmanQu/MyGraduationProject,0,0,1,12
SCHENLIU/AdaptiveHAC,0,0,1,6
zhcbctcc/sklearn-CN,0,1,1,10
SCHENLIU/agglomerative-hierarchical-cluster,0,1,1,3
jay-kakkad/StockMarketPrediction_using_SVR,0,0,4,47
codehacpj/Introduction_to_ML,0,0,1,1
rjkilpatrick/raman-cnn,2,2,3,28
heeryoncho/sensors2018cnnhar,10,4,1,8
Allen8838/Data-Science-Projects,0,1,1,286
sayomakinwa/NLP-GenSim-Word-Sense-Embeddings,0,0,1,12
st-tech/zr-obp,362,47,11,960
Cuongvn08/StyleGAN-BigGAN-for-Motorbike-Generation,3,0,1,3
piratevector/DynamicClustering,0,0,3,85
haianh30198/fiho,0,0,1,9
davidabek1/adanet,6,3,1,16
salvador-dali/hackerrank_ai,0,0,0,3
minhhao97vn/PFML,0,0,1,7
pykale/pykale,321,39,13,1770
RHohensinner/ci2018,0,0,1,28
40104/Scikit-Learn,0,0,2169,27692
JStephens3141/parroty,0,0,1,4
shuimutech/smt-py-admin,0,0,1,11
JStephens3141/parroty_,0,0,1,20
williamaramosc/backend-recomendacion,0,0,2,13
chanmi168/Fall-Detection-DAT,0,0,1,29
jiefeixia/Pointer,3,0,5,89
mvlearn/mvlearn,127,19,16,600
minju0329/Search_expert,1,0,1,33
PQJHU/DEDA_2017,3,0,7,70
ahacalabria/python-tutorial,0,0,1,5
chantelmariediaz/Scraping-Yelp-with-Python,3,3,1,11
weqing/Python-Learner,0,0,1,7
Wengxinyu/MasterProject,0,0,1,10
lozhn/F19-ML,0,0,1,1
samysellami/Machine-learning,0,0,1,3
MarySherry/IML,0,0,1,9
leehj8896/bicycle-server,0,0,1,8
yylong711/shixun,1,0,1,5
2020ai/Tweet_Detective,1,0,2,41
blank54/kistec,0,0,2,49
ToddMorrill/knowledge-graphs,1,0,1,78
todd9527/cs229-project,0,0,1,66
Yutong-Dai/GroupFaRSA,0,0,1,294
appdevRA/tera,0,0,5,275
JarryEmorecha/tera,0,0,1,1
iarroyof/distributionalSemanticStabilityThesis,0,1,2,152
samuelsmal/drosophVAE,0,0,1,127
trinhansg/code,1,0,1,35
yang20202/my_working,0,0,1,6
vdplasthijs/fishualizer_zf-rbm_fork,0,0,1,4
ZLiu1205/Stat289,0,0,1,14
Gloriayu1/stat289,0,0,1,9
jubranakram/deep-learning-keras,0,0,1,3
MatteoPezzetta/taxi_demand_forecasting,0,0,1,2
wobiero/sex_violence_app,0,0,1,19
wobiero/SGBV-Time-Series,0,0,1,35
DgrinderHZ/SIDICBIR,0,0,1,53
konradmaklaud20/smiii,0,0,1,6
deliciafernandes/Response,1,0,8,102
SimiPixel/pool_based_active_learning,0,0,1,109
eternax/nonobjective-audio-classification,0,0,1,2
hickman-santini/tensor-iguana,1,0,1,2
Personman000/CSCD01-Backup,0,0,1920,26640
snswrld/titanic,0,0,1,2
GoloMarcos/TripleVAE-OCL-ENIAC2021,2,0,1,6
wassinkl/Vigilantes,1,0,9,219
adamcatto/skEDULEarn,0,0,1,3
wflyerthariani/NEA2,0,0,1,34
hahnicity/ardsdetection,1,1,1,344
PRM-Assist/PRM-Assit,0,1,1,3
lidiaxp/newPyLayer,0,3,1,35
pylayers/pylayers,135,87,8,4289
ArtashesH/PylayersWith3D,0,0,0,2
sahibdhanjal/DeepLocNet,23,13,1,33
rsmarinho/pylayers,1,0,1,4
jolyon129/introml_labs,0,0,1,19
goutham2709/Data-Science,0,0,1,10
bonbonben/MachineLearning,0,1,1,34
amkent5/MachineLearning,1,0,1,147
deja2011/learn_ml,0,0,1,55
takseki/python-machine-learning-book,2,0,15,556
nati-ghatan/ATS-ROCKET,0,0,3,29
mygesty/house,0,0,1,1
ermongroup/Crop_Yield_Prediction,17,12,1,32
Mainak0401/Crop_Yield_Prediction,0,0,1,32
brad-ross/crop-yield-prediction-project,25,25,3,141
aenidrob/crop_yield_prediction,0,0,1,2
JiaxuanYou/crop_yield_prediction,250,178,1,3
nemesek/PythonForFinanceBook,0,0,1,7
alinapetukhova/textcl,6,2,2,41
GroupingEffects/GRMF,0,0,1,205
jlenaghan/VariousUtils,0,0,0,2
sainath24/foursight,0,0,1,2
gustumaulanaf/SistemRekomendasiBuku,0,0,2,12
richardtjornhammar/impetuous,4,2,1,416
clulab/habitus-utils,0,1,3,245
jasoromir/movie-recommender-streamlit,2,0,1,63
wook1990/insomnia,0,0,2,52
amyxzhang/wikum,103,32,13,1403
OSeMOSYS/osemosys_global,3,3,6,213
appoll/gh-repo-classifier,6,2,4,319
sjha4/Identification-and-Analysis-of-popular-trends-around-the-world,2,0,1,3
licheng5625/coder,1,0,1,18
AyushSojitra/ChatBot,0,1,2,3
PB12203006/Largedata,0,0,2,104
houcheng/GoogleDictionary,5,1,1,7
maxr1876/Radix,0,0,1,48
assd2001/nltk_learn,0,0,1,3
qianna97/kkn-sanansari,0,0,1,1
MixedEmotions/but_sentiment,6,2,1,6
akerue/lstm_with_token,0,0,1,2
vishalrajpal/ArithmeticProblemSolver,0,0,1,42
miachenberkeley/DataProjectStartup,0,8,2,25
Tom-a-Hawk/serverless-chatbot,0,0,1,10
signal-ai/PyDataLondon29-EmbarrassinglyParallelDAWithAWSLambda,5,1,1,15
twcanty/tweetr,0,0,1,1
rafasashi/razzy-spinner,17,14,2,8
alexpnt/university-site,0,0,1,3
arka005/MovieAppIntegration,0,0,1,3
sungsulim/WinogradSchemaChallenge,0,2,0,3
ruchir594/messenger-bot-yelp-aws,0,0,1,63
187990/NLU-assignment1,0,0,1,20
licheng5625/data-science-task,0,0,1,18
dchaplinsky/german_registry_parser,3,1,2,40
hrishikeshmalkar/Sentiment-Analysis-Streamlit,2,2,1,13
GINK03/KindleReferencedIndexScore,5,1,1,416
Xidrovo/TF-idf,0,0,4,132
Sapphirine/ReverseRecommendation,0,1,1,79
yangxs9/TweetMap,0,0,1,23
jrockwel/SpamHub,1,3,3,41
Jaspreet10/moody,0,0,1,1
adazey/Muzez,0,0,1,16
sayapapaya/German-Project-Backend,0,0,2,77
Hurence/logisland,105,31,21,2538
V1EngineeringInc/V1EngineeringInc-Docs,75,79,29,913
dvnvln/Tucil4-string-match,0,0,1,2
kemin-li/MachineLearning,1,0,1,16
yashn35/Machine-Learning,1,0,2,77
allenyin/LFD,0,0,1,21
SimoneCaldarella/NLU_FirstAssignment_2021,0,0,1,30
bmcfee/ml_scraps,14,3,1,51
hazemalsaied/MWE.Identification,0,1,1,78
nltk/nltk.github.com,59,45,4,334
SumitAnglekar/SentimentalAnalysis,1,0,1,2
halldj1982/FedCeption,0,0,2,7
behnamkhaniofficial/businessFacebook,0,0,1,1
prabhatdash/sentiment_analysis,0,0,1,2
lishah28/TwitterSentimentDashboard,0,0,2,12
kikik06/DokumenJudulSkripsi_STKI,0,0,1,1
amittos/OnlineHarms-Metatool,0,5,2,12
Sivaneshmsc/MixedEmotions,2,0,1,6
lilyplanter/spam_sorting,1,0,1,3
mamelishah/programmeringB.,0,0,1,19
anshshankar/Dictionary,0,1,1,2
taba-sukosuko/Morphological-Analysis-by-NLTK,0,0,0,1
ArielBlG/SearchEngineBest,0,0,2,44
Aashvik/Bot-1,0,0,1,26
dspashish/Sentiment-Analysis-Using-Python,0,0,0,1
WDongYuan/NLP_Project,0,0,1,11
IllinoisSocialMediaMacroscope/twitter_s3_to_es_lambda,2,2,1,4
arun63/vocabulary-adaptive,0,0,3,25
WalterJoel/Topicos-en-Computacion-Grafica,0,0,1,8
Ricky-Wilson/CodeBase,3,4,1,11
dheerajnambr/chatbot-workshop,1,0,3,5
L706077/NLTK,0,0,152,11926
datalab-science/causalMapBuilder,0,0,2,8
scott-woods/hotel-rating-estimator,0,0,1,2
saikrishna7/NLP_CryptoPricePrediction,0,0,1,1
karakune/Rosetta,0,0,4,76
datalab-georgetown/topic_modeling,1,0,2,3
hcheckeye/Version-6,0,0,1,2
AndrewYinLi/lstm-neural-network-spam-filter,4,1,2,30
murari2401/ChatBot,0,0,2,3
hcheckeye/nltk,0,0,1,2
yanbronshtein/NLP_CS381_Repo,0,0,1,56
luzhihua407/AIBot,0,0,1,1
luckylion999/s3-twitter-to-es,0,0,0,1
amanvars/finderBuddy_ZHCET_WARRIORS_RGH,0,0,1,35
DamianBhatia/Squick,0,0,1,4
om202/users_test_verdict_backend,1,0,1,2
Atwinenickson/pythonchat,0,0,1,1
ctrlav/td-mood-board,0,2,2,10
3One0Seven/AIOPS-Assignment5,0,0,1,3
karlerss/poll-the-trump,1,1,1,3
anu07shreej/NLP,0,0,1,4
club9822/rest,0,0,1,23
taq12345/Tweet-Sentiment,0,0,1,1
callaunchpad/Inspector,0,0,6,161
ilanfri/TorchCox,9,1,1,31
niuers/Learning-From-Data-A-Short-Course,70,36,1,397
HOSSENkhodadadi/bachelor-thesis,2,0,1,32
steve3p0/cs545,0,1,1,80
Ariel-Vako/SensoVal,0,0,1,109
ydy8989/PHM_Study,2,0,1,61
daynebatten/keras-wtte-rnn,198,70,2,10
siskaj/PredictiveMaintenance,3,4,1,15
bevisLee/portfolio,0,0,1,3
ElementoLab/covid-metabolomics,0,0,1,42
ksonod/sparse_representation_toolbox,0,0,1,28
pysal/segregation,89,24,10,1080
xiaoqinnsmc/mytestsegmentation,0,0,1,2
yellowkingdom/pyml,0,0,1,6
YiboWANG214/CS534MachineLearning,0,0,1,19
izzortsi/crypto-phgraphs,0,0,1,6
inouye-lab/feature-shift,7,2,1,16
suizo12/TSM_DeLearn,0,0,3,98
qiaofei32/jd-crawler,10,7,0,4
kgdunn/process-improve,6,3,1,316
charliec443/RJMCMC,0,0,1,51
vickymzheng/601_cse_data_mining,0,0,2,141
tomer92808888/Machine-Deep-Learning-Computer-Vision-Projects,5,2,1,90
bobbyscharmann/ml,0,0,2,58
Elmecio/IForestStudyAndMVIForest,0,0,2,17
MislavSag/trademl,19,7,1,311
halilagin/parcoord-brushing,0,0,1,45
MizarAI/mizar-labs,15,4,3,106
gpmurphy7/hands_on_ML,0,0,1,4
snakul/testing-123,0,0,1,12
assaflehr/cifar10-BOF,4,1,1,2
nyu-dl/dl4ir-webnav,81,13,2,37
davidbau/net-intent,1,3,1,129
dstein64/pyfms,24,6,1,95
TrofimovAssya/DankMeme,1,0,1,21
CAHLR/eye-tracking-knowledge-tracing,0,0,2,48
ray306/IPython-Notebooks,4,1,1,1
vpetrescu/proto_cnn,0,0,1,211
ChenLiangbo/Learning-python,0,0,1,10
JayasreeBeera/Theano,0,0,232,23082
jenningsjin/Image-Recognition-Retrieval,0,0,3,20
ralic/NPU-CS550_HW11,0,0,1,2
hans/theano-hacked,0,1,2,10
YanzhaoWu/Theano-1,0,0,249,23769
kafluette/deeplearning-toolkit-py,0,0,1,3
MatthieuCourbariaux/Theano,0,0,127,18057
microns-ariadne/runet_code,0,0,1,2
vpetrescu/molecules_proto_cnn,0,0,1,213
tensor-tang/theano,0,0,224,22810
hch661100/lenet_fer2013_crm,0,0,1,1
kyper999/Theano,0,0,281,25581
vthost/DAGNN,37,7,2,13
andreeadeac22/graph_coattention,13,4,4,115
royee17/GrammarVae_Paper,0,0,1,43
zhaolei/stoneLearn,2,1,1,49
Ryan-Rhys/Constrained-Bayesian-Optimisation-for-Automatic-Chemical-Design,21,3,1,88
trianglecity/theano-develop-jupyter-docker,0,0,1,1
Rhoana/icon_archived,1,2,1,15
mkusner/gen-text,1,1,3,67
srtk/DeepLearning,1,0,2,77
D1vyanshGupta/icml18-jtnn-py3.6.7-pytorch1.0-rdkit-2018.09,0,2,2,137
dmitriy-serdyuk/twinnet-asr,12,3,3,955
yunqiw/pythonlib,0,0,1,5
magoroku15/mytheano,0,0,0,2
trianglecity/theano-develop-docker,0,0,1,20
gzcharleszhang/WordCounter,0,0,1,2
gwjensen/Theano,0,0,201,21986
dendisuhubdy/ccw1_trainstats,4,4,3,40
GeekLiB/Theano-Deep-learning,2,1,1,1
muhanzhang/D-VAE,90,19,1,19
liuzhengzhe/SLR_data_processing,0,0,1,2
vinson0526/Master_Graduate_Thesis,2,0,1,9
taerimmkim/iDRW,0,0,2,19
deepredict/untitled1,0,0,0,2
iceshade000/hello-word,0,0,1,9
RonBanner/Deep-learning,0,0,259,24530
haidnguyen0909/rxngenerator,0,0,1,1
Debasish-Sarangi/Data-Science,0,0,1,12
chrisvle/mooc-deep-learning,0,0,1,8
Ryan-Rhys/FlowMO,26,9,2,68
nikogamulin/deep-learning-python,1,0,18,635
EnjoyLifeFund/macSierra-py36-pkgs,0,1,1,75
stgithubst/automatic-guide,0,0,262,24641
GeorgyKonoplich/vehicle_detection,4,3,0,28
kundan2510/theano-cudnn-rnn,0,0,232,23069
RKDSOne/Deep-Learning-Tutorials,0,0,10,535
rizar/attention-lvcsr,259,106,4,945
syhw/timit_tools,75,39,1,256
shiwangi27/deep_learning_cosmology,4,1,1,14
jdemouth/Theano,0,0,151,19480
jacoblsmith/DeepLearning,0,0,1,11
krm9c/HierarchicalDimensionReduction,0,0,1,11
JazzeYoung/VeryDeepAutoEncoder,1,1,1,6
LiaoPan/MyCodeSpace,1,7,1,80
xblbaby/xbl-Theano,0,0,232,23082
nuri428/deep-learning,47,22,1,164
niasla/Master-Thesis,2,1,1,5
payoj21/Image-search,0,1,1,1
asdfhalkehflkajdhf/Md-learn-Timeseries,5,3,1,1
PrinceP/Information-Retrieval,0,1,2,41
mkusner/grammarVAE,226,71,2,17
sammychill/Final-Project,0,0,2,38
gundun/theano,0,0,248,23878
AtousaTorabi/Theano_old,1,0,85,15408
fephsun/neuralnetmusic,124,35,2,44
mateuszwagner/py_project,0,0,1,2
ymcoin/demo,0,0,2,5
jdehotin/Theano,0,0,248,23878
evkikum/DeepLearning,0,0,1,10
lucianionita/dhlv,0,0,1,42
hyperopt/hyperopt-gpsmbo,20,4,1,1
stella-gao/theano-0.9.0,0,0,1,4
xifengbishu/KERAS2,1,1,1,50
tonywu95/eval_gen,120,22,1,11
timt51/pokerbot,0,0,1,93
hannahrivers/Thesis,2,0,1,1
jovitalukasik/SVGe,0,1,1,12
fgadaleta/deeplearning-stuff,1,0,0,3
jonathanyin12/grammarVAE,0,0,1,27
hsiaoyi0504/BIOINF593_Final,0,0,2,21
EzSylester/DeepLearningTutorials-,0,0,32,886
gtrrebel/HIITS15,0,0,1,154
justanhduc/neuralnet,2,4,1,200
mhsamavatian/CSE-5429,0,3,1,31
rwth-i6/returnn,313,128,48,9139
papar22/returnn-hmm,1,0,1,2
mhsamavatian/CSE5245,0,0,1,10
papar22/returnn-my-branch,0,0,1,4
manishrdmishra/Thesis,0,0,191,4350
Miaomz/caffe-opencl,0,0,1,19
JEONGHYUN-LEE/Caffe-CL-Origin,1,0,1,1
abhiTronix/caffe-opencl-windows-amd,7,2,261,5104
sanglee/caffe-mc-opencl,0,0,2,5
MagicSen/source_read,4,0,1,86
VirrageS/io-kawiarnie,1,0,4,430
HunjaeJung/imagenet2014-modified,0,0,1,55
fromgop/test,0,2,1,2
manhcuogntin4/OCR-contract,0,0,1,14
WISDelft/WIS-Intern-Summer2016-Wang,1,0,1,44
SUNsung/fap,0,1,1,17385
arpitbyahut/filedrive,0,0,1,35
kovibalu/cnntools,1,0,1,67
wills2133/digits-distributed,0,0,1,38
SidHard/digits-multi-detect,5,0,2,9
Linda-liugongzi/DIGITS-digits-py3,0,0,1,2
mesakh123/imagepredict,0,0,1,7
winnerineast/Origae-6,2,4,1,22
my777777/digits-e,1,0,1,3
data-kwon/test,0,0,1,11
hieuvodoi/digits_7,0,0,1,1
gheinrich/DIGITS-GAN,104,35,34,1486
RimeT/Nvi_DIGITS,0,0,1,2
mesakh123/imagepredict-linux,0,0,1,7
gabusleon/DIGITS,1,0,1,4
rickyHong/Nvidia-Digits-repl,0,0,41,1599
ctensmeyer/font_classification,13,3,1,3
andylawwj/DIGITS,0,0,41,1593
gulby/minimal-django-file-upload-example,0,0,0,11
NVIDIA/DIGITS,4053,1411,42,1613
Benedict93/test,0,0,1,3
gogartom/TextMaps,79,28,1,76
MajerMartin/image_retrieval,2,0,2,158
MrRomo/Python-projects,0,0,1,21
2451086495/DisCrawler,1,0,1,2
ctensmeyer/HisDB,2,1,3,20
zhuhd15/Demo-System,2,0,3,53
tanveer-hussain/MVS-using-CNN-and-LSTM,11,6,1,16
vohoaiviet/3dmm_cnn,2,0,4,23
luqili/vultus,3,4,2,14
pavelgonchar/medseg,1,2,1,15
anhttran/3dmm_cnn,811,254,4,26
IVC-Projects/STMVE,2,0,1,1
sagpant/3dmm_cnn,0,1,4,25
patrickbochen/Carmera,0,0,1,6
NatDuart/projeto,0,0,1,10
spacetiller/experiment,1,0,2,279
Aminullah6264/Activity_Rec_ML-LSTM,18,15,1,27
mia-0/0x0,1527,119,3,38
BeCuriousS/ippg-toolbox,0,0,1,43
coldenheart/123,0,0,33,4078
Ascend/samples,26,14,26,3522
vicb1/deep-learning,0,0,1,17
bichu136/Wibu_Web,1,1,2,84
Nidhi2024/Artifacts_Classifier,0,0,1,1
kiril-abramov/django-project,0,0,1,3
sameerkr1/sentiment_analysis,0,0,1,5
mlcommons/tiny_results_v0.5,3,4,7,19
neilsahai/Lung-Detection,0,0,1,2
Dhruvi289/Artifacts_classification,0,0,1,3
TommyGula/scraping-sentiment-analysis,0,0,1,11
dheerajshah13/Live-Stock-Prediction,0,0,1,7
mlcommons/tiny,166,42,12,196
AishaGhayas/heroku-deployment,0,1,2,10
Arudhra1999/Covid19-Prediction-DL-app,0,1,1,4
JackMcnamee/EmergingTechProject,0,0,1,10
SubrataSarkar32/tb-and-pneumonia-detection,0,2,2,30
ajana13/hackumass-viii,0,0,2,15
thetinygoat/coverall-detector,0,0,1,9
zjatc/ANNTOSA,1,0,1,5
OCR-D/ocrd_keraslm,5,6,4,103
arsundram/movie-app-api,0,0,1,2
Abmwc16/Clase-Python,0,0,1,14
huongd17at089/my_flask,0,0,1,9
ohsu-comp-bio/Galaxy-ML,1,2,2,271
saeedashraf/engageclients,0,0,1,46
hmoharrer/Machine-Learning-by-Dr.Rahmani,1,0,1,15
ArunRengaraman/Covid19-Deep-learning-app,2,0,1,2
yash1802/Lie-To-Me,1,0,1,8
ejlok1/Keras-Serve-Digit,1,1,1,15
deepgram/kur,812,109,12,584
John-p-v1999/Sonnet-generator-final,0,0,1,34
9harshit/Breast-Cancer-Detect-Using-ANN,0,0,2,47
johndunne2019/Machine-Learning-and-Statistics-Project-2020,0,0,1,62
mauri9rivera/Brain-tumor-classification-task_CNN-model,0,1,1,19
dheeraj198/crop,0,0,1,1
Hillerton/Keras_autoencoder,0,0,1,10
srijan-srivastav/FarmAlert,0,0,0,1
mianfei71/RNAPar,0,0,1,30
Uberi/speech_recognition,6156,2116,40,376
deepset-ai/FARM,1502,218,110,592
KidQuant/Finance,1,0,1,205
aishwaryajawalkar173/Fruit-Disease-Classification-using-CNN,0,0,1,5
lucko515/cnn-raccoon,30,3,1,10
mcaraco/Homework-,0,0,1,26
dpressel/mead-baseline,241,68,11,2092
ajayjalluri/FAKE-NEWS-CLASSIFIER,0,0,1,4
kkadowski/AppleRecogn,0,0,1,3
autorope/donkeycar,2285,1156,110,2126
abdelatifsd/Yolla-app-demo,0,0,1,29
Nikii1118/CS5590-Python-DL-Session2,0,0,1,18
falahgs/skin-cancer,0,0,2,7
thomhert/chest-x-ray-covid-recognition,0,0,1,4
daithimarkham/Machine-Learning-Project,0,0,1,16
r5sb/Kaggle-Deep-Learning-Track,0,0,1,2
tcbonds/Project_4,0,0,1,1
MuhammadUsman94/Deep_Learning,0,0,1,3
malayaj2000/dsc_wow_kishanseva,0,0,1,2
goeckslab/Galaxy-ML,9,5,6,662
Emaway/Group-Project-3,0,0,4,87
jacobceles/ChicagoTaxiTrips-DeepLearning-Dashboard,0,0,1,12
akachbat/FrenchFakeNews,1,0,1,2
wwwiii1/jongsul_jango,0,0,1,8
UttaraD/Image-Colorization-using-deep-learning-Techniques,0,0,1,3
danil99152/DirectumTasks,0,0,1,24
olafapl/publication_extraction,0,0,1,13
buidung2004/Deployment,0,0,1,2
apachecn/ailearning,32770,10758,41,207
pranjal198/X-men-classifier,7,1,1,21
Sachdw/The-Rock-Says,0,0,1,12
mdsohaib/Customer_Revenue_Prediction_ML_App_Using_Django,0,0,1,5
cwrukaizhang/LFERsPredictor,0,0,1,82
rishabhk1/doodle-prediction-website,0,0,1,35
Pragya2000/EEG-Brainwave-prediction,0,1,1,14
LeoFrancaBessa/-Django-Covid19-XRay-Prediction-WebApp,2,0,1,6
mindee/doctr,616,94,12,571
ericlavigne/CarND-Capstone-Wolf-Pack,40,23,15,221
chankyaajay/Fake-News-Classifier,0,0,1,3
cisco/mindmeld,554,148,36,3176
artyom-beilis/dlprimitives,42,4,2,311
jagangirisaballa/number_detection,0,0,1,9
shubham7169/Deployment,0,0,1,8
rohatgiy/basketball-predictor,3,1,2,65
jazibdawre/Travel-Buddy,1,1,4,85
SharpAI/DeepCamera,858,175,9,844
victoresque/pytorch-template,3174,789,9,233
John-p-v1999/sonnet-for-deploy,0,1,1,12
chris-chris/pysc2-examples,743,362,5,190
bhanuteja2001/Microscopic-Images-Insights,0,1,1,26
vaishnavisampigethaya/Face-Recognition-with-mask,1,0,1,37
Saikrishna22/COVID_19-Detection,0,0,1,17
earthoer/ml_amazon_fromspace,0,1,1,4
deepmipt/DeepPavlov,5625,1012,66,2611
Zenghao-CQ/chinese-text-classfication,0,0,1,11
CormacS/FlowerRecognitionApp,0,0,1,8
raiyan1437/Cat_Or_Dog_Prediction,0,0,1,55
riishiiiii/cat-and-dog-Classification,0,0,1,17
PLPWork/Emotional_Health_Expert,0,0,3,20
harshit-k11/Stock-Market-Price-Prediction,0,0,1,3
muzztafa/Flask_Melanoma,0,0,1,2
D-X-Y/AutoDL-Projects,1339,263,6,534
Neel12-coder/Smart_Mirror,0,0,1,5
Alice660/YGAN,0,0,1,2
ShahadmA/Detect-The-Violations-of-Public-Taste-DeepLearningProject,1,4,4,58
RubelHK99/CovidWebsite,0,0,1,49
infoshareacademy/jdszr4-wdevs,0,0,4,105
dawnche1998/tfjs_next_page_prediction,0,0,0,2
Mrbruh79/Noise_detection_using_Transfer_Learning,1,0,2,24
Marcos10452/InvoiceReader,1,0,1,13
PranjalD7/Noise_detection_using_Transfer_Learning,1,1,2,24
NathanKuneman/Identifying-Lego-Set-Themes,0,0,1,3
koziolp/hunger,0,0,0,7
dsjiffry/Lifestyle-Tracking-App,0,0,2,160
christianvadillo/ML,0,0,1,1
MuhammadUsman94/Python-DL-Project,0,1,1,6
ShubhamDeshmukh1697/CIFAR10-Image-Classification,0,0,1,1
tariqaziz21/predicting-covid,0,0,1,16
nilay121/End-End-Image-Classification,0,0,1,3
wangqianwen0418/DNN-Genealogy,19,4,3,395
happpyosu/reflection-enhancement-gan,3,0,1,146
malusamayo/py-analysis,0,0,1,119
minhoolee/Synopsys-Project-2017,14,3,2,65
ehhhhjw/ElecDaug,0,0,1,10
ianvnaeger/FIND,0,0,2,46
horovod/horovod,12185,2020,142,1153
matterport/Mask_RCNN,21349,10586,203,42
qianchenyi/project_code,0,0,0,1
madugula-jairam/my_project,0,0,1,6
bethmiecz/Question_Answering_SQuAD2.0,0,0,2,4
Kaboto731/ThesisCode,0,0,1,2
JonathanBechtel/KerasBeats,2,2,1,109
feldnerd/MNIST_FindingMino,0,0,1,48
RachitSharma2001/BPNet-DanQ,0,0,3,21
qdbp/sleep_staging,0,0,1,3
hugostuijt/deep-SABR-volatility-calibration,0,0,1,21
anonymous77777/MyPython,0,0,1,1
harshgrovr/Graphs-Approaches-for-Activity-Recognition-Independent-of-House-Layout,0,0,79,1410
ManoharDas123/dgl_partition,0,0,181,2053
khaled-rahman/FusedMM4DGL,0,0,1,29
kbsoft/jetson_tx_2_test,0,0,2,3
Shikhar8990/dgl,0,0,0,1
Christopheraburns/serverless-sagemaker-v1,0,0,1,1
dmlc/dgl,8976,2041,188,2146
Shuhuasong/Sage-Maker,0,0,36,163
arian1995/dgl1,0,1,145,1849
ggiallo28/aws-deepracer-local,2,1,1,15
awslabs/handwritten-text-recognition-for-apache-mxnet,383,184,7,150
alex9311/alex9311.github.io,1,0,1,60
shaheerakr/cheating-detector,1,1,2,12
sauravsb99/AutoEvaluate,0,1,2,10
imnotkind/Vision-Project,0,0,1,70
eavilaes/HTR-for-SQL,0,0,1,11
gnbk-aws/sagemaker-python-sdk,0,0,58,393
raj-subhankar/hackerearth-ocr,0,0,1,11
nikody-mytaptrack/csv-protobuf-pipeline,0,0,1,10
sandeepkundala/AmazonInternship,0,0,2,61
Christopheraburns/serverless-sagemaker,1,1,1,13
tkazusa/lambda_calls_sagemaker,0,0,1,2
rafueru/AWS,0,0,1,2
develooper1994/ocr_toolkit,3,2,1,41
Alex1114/Data-Science,0,0,1,26
zhouaea/GluonCV-Practice,0,0,1,7
jadalmiro/aws_sagemaker,0,0,86,836
brightmart/text_classification7243,2569,11,318
xiaoLong-study/Protective-Wearing-and-Action-Recognition-Detection-Based-on-Pose-Estimation,10,3,1,27
develooper1994/handwritten_text_recognition,7,2,1,61
taikongfeizhu/trydocs,0,0,0,10
Murugan-natarajan/mxnet,0,0,273,4010
mli/new-docs,12,17,15,422
starimpact/mxnet_self2,0,1,148,4075
starimpact/mxnet_v0.7.0,0,1,133,3888
hauklau/mxnet_hl,0,0,1,4
zuowang/mxnet,0,0,165,4237
starimpact/mxnet_tk1,4,0,148,4076
GrassSunFlower/profile_mxnet,0,0,238,4705
sunshineInmoon/Mxnet-windows,2,1,1,20
nd-z/fmxnet,11,5,0,43
achao2013/mxnet-quantify,3,0,1,5
zdltheone/mxnet_windows,1,0,1,3
tfwu/FaceDetection-ConvNet-3D,134,71,1,1
bill-teng/mxnet-test,0,0,261,4835
cypw/mxnet-old,1,1,200,4462
Liuxg16/BrainMatrix,0,0,1,35
tianyunfei/mxnet-windows,0,1,239,4723
hbsun2113/myPytorch,5,0,1,25
starimpact/mxnet_basedv0.7.0,1,1,133,3873
MichaelAHood/pk-mxnet,0,0,1,1
YanLiang1102/dmlc-mxnet,0,0,261,4835
CGCL-codes/MXNet-G,9,4,1,3
hust-wuwechao/mxnet_share_327_330,1,0,808,11123
xcgoner/ps-mxnet-new,0,0,1,4
smihir/gdml,1,1,2,122
fnever520/DeepLearning,1,0,1,80
litoeknee/mxnet,2,2,171,4276
koustuvsinha/t-rgcn,0,1,28,441
shuxianghuafu/neuralNetworks,0,0,1,9
bearsroom/mxnet-augmented,1,0,179,4344
tmpaul06/dgl,1,0,24,417
starimpact/mxnet_v0.8.0,2,0,1,97
smanne1/fast_and_accurate_onroad_vehicle_detection,0,0,1,3
haimeh/mxnet_m17x,1,0,1,2
GrassSunFlower/mxnet_tmp,0,0,314,5108
HPI-DeepLearning-PlaceRecognizer-SS17/AmalgamationMxnet,0,0,1,2
junhalba/incubator-mxnet-master,0,0,730,10097
bioannidis/my_dgl,0,0,105,1560
saurabh9450150287/Handwritten-Text-Recognition,0,0,1,14
ydwu4/dgl-hack,0,0,55,958
dahani9091/style-transfer,0,0,1,37
hacors/Drug,5,0,2,9
liketheflower/jimmy_dgl,1,2,1,10
chfhf/dgl-paddle,0,0,1,1
thomas-mecattaf/handwriting-recognition-test,0,0,1,8
Mahendra-Chouhan/image_accelerator,0,0,1,6
Tahimari/OCR-iam,0,0,1,48
mzheng27/Herbarium_Project,1,2,4,96
terajh/Brain_3D_WebViewer,0,0,1,100
adamjthor/coinproblem,0,0,1,4
sahildigikar15/Anomaly-Detection-in-Surveillance-Videos,0,0,2,23
sana-at-chime/incubator-mxnet,0,0,840,11619
tylerjohnhaden/cloud-project-8,0,0,841,11600
haimeh/mxnet_a51m,0,0,1,2
mtashi/Recommendation-System-Using-MXNET-on-AWS-Sagemaker,0,0,1,1
hust-wuwechao/mxnet_20191220,0,0,765,10474
mklissa/sagemaker_tutorial,9,3,2,32
hust-wuwechao/mxnet_888888888,0,0,809,11122
feD0s/skillfactory_rds,2,2,1,34
MarvinT/covid_analysis,0,0,1,5
BTB-bot-the-builder/BTB-Backend,0,0,1,26
priya-singh2411/Cotton-Plant-Disease-Prediction,0,0,1,7
Savjee/yt-spam-classifier,27,7,1,9
kingspp/tf-contrib-analyzer,3,1,2,28
jeongukjae/tfds-korean,20,2,2,137
naya86/streamlit-Diabetes-Prediction,0,0,1,17
SmartPracticeschool/llSPS-INT-2477-Amazon-Kindle-Store-Reviews-Analysis,0,1,2,9
mullikine/python,1,0,1,23
i-Dare/Science4Fashion_ref,1,0,3,204
bharathrajcl/Answer-Evaluator,0,0,1,1
zaidhassanch/PointerNetworks,1,0,2,344
shengqiangzhang/transformer-pointer-generator-for-english-dataset,7,1,1,2
north-fern/ME-134,1,1,2,250
shikhasthakur/Tensorflow-,0,0,1,4
jvkamnani/SarcasticHeadline,0,0,1,1
Rushabh75/Voice-Based-Personal-Assistant,2,0,1,4
nilax97/UML-Project,0,0,2,32
vanessa108/ecoacoustics-speech-detector,0,0,1,16
akaashhazarika/tensorflow_module,0,0,1,14
minhlong26052001/fashion_recognition,0,0,1,3
sasibhushan3/NwQM_EMNLP,3,1,1,161
wrenchonline/fastvepvgg,0,0,1,2
XingxingZhang/hf_datasets,0,0,275,1723
gitconnoisseur/ism-ow,0,0,1,13
Brazilian-Institute-of-Robotics/autonomous-perception,0,1,2,11
Shinorbi/Swe_lab,0,0,1,1
Ceyron/machine-learning-and-simulation,97,39,3,150
jairopinilla/AnalisisSentimental,1,0,1,9
raj1701/Web-Search-Application,0,0,1,1
Vivek2509/Dog_VS_Cat_Flask_web_app,1,0,1,10
Mostafa-M-Abla/portfolio,0,1,0,1
bharathrajcl/Multimodal-deep-networks-for-text-and-image-based-document-classification,3,0,1,3
Biplab097/DistractedDriverDetection,2,1,1,20
manmeet3/Medical-SSL-SimCLRv2,3,4,4,82
andrevitorelli/TenGU,1,0,1,30
JacobJiaqi/Jacob_newgame,0,0,0,19
SohamShah2k/VoiceBasedPersonalAssistant,0,0,1,2
qw2261/IoT-Project,0,0,1,8
naya86/streamlit-Car-Puchase,0,0,1,17
ya-stack/Cotton-Disease-Prediction,0,0,1,3
krishnaik06/SStain_classification,4,6,1,4
sumitkumar144/Cotton-Disease-Predictions,0,0,1,1
0xiNach/NLP,0,0,1,6
DristantaNirola/Image-Classification-Tea-Plant-Disease-Classification,0,0,1,7
viveknamaye/cyclegan-image-converter,0,0,2,11
Galwin14/FINAL-YEAR-PROJECT,0,0,1,2
sanyamsood1210/object-classification,0,0,1,2
dinu331/Cotton-plant-Disease-Prediction,0,0,1,4
allwin-baby/VAIGA-AGRI-HACK-2021,1,0,1,5
subash1999/project3,0,0,1,19
krishnaik06/Cotton-Disease-Prediction-Deep-Learning,37,66,1,3
dhaneshwar2310/projectML,0,0,1,7
swlee9087/django-react-algorithm,0,0,1,32
sujithreddyk/DeepLearning,0,0,1,6
FGpramodgupta/Cotton-Disease-Prediction-Deep-Learning,0,0,1,3
Lilasrinivasreddy/NLP,0,0,1,12
navaneethramesh30/COTTON-DISEASE-PREDICTION,0,0,1,2
c-w-m/hgf-datasets,0,0,232,1418
paulbricman/decontextualizer,19,0,1,25
shifttogit-deepanshu/nolariapy,0,0,1,1
udaypratapyati/DeepLearning_With_Tensorflow2,2,0,1,325
donny-chan/mixada-sub2,2,0,1,5
yogeshsangtani/Cotton-Disease-Prediction,0,0,1,1
sosojing/reinforcement-learning-mofan,1,0,1,29
Visvaldis/diploma,0,0,1,10
kristof-becode/Dog-vs-Cat-CNN-Classifier,0,0,1,8
VisiumCH/metro-dvc-demo,0,0,2,41
heyshantu13/cotton-predict,0,0,1,3
phani06/Covid-19-and-Pneumonia-Dectection-Using-Chest-X-Rays,0,0,2,10
Sandeep-Yadav2/Plant-disease-detection,0,0,2,18
dileepkanumuri/Sentiment-Analysis,0,0,1,2
thunlp/MixADA,15,1,1,3
madblocksgit/eye-disease-detector-mlwec,0,0,1,7
Ishan2000-ace/Cotton-Disease-Classifier,0,0,1,5
Nivitus/Cotton_Leaf_Disease_Detection,0,0,1,10
tattwadarshi/End-to-End-Implementation-of-Deep-Learning-Project,0,0,1,3
aisaack/Apple_doctor,0,0,1,18
fadhelmurphy/Realtime-streaming-classification,0,0,1,4
ShubhamGoel2295/Cotton-leaf-plant-condition-prediction,0,0,1,3
lucasn42/lucien,0,0,0,2
aparna2103/Crop-Doctor,0,0,1,1
Pranay-yanarp/MS_Data_Science_class_projects,0,0,1,13
KISRDevelopment/cell_viability_paper,0,0,1,195
dhruv0507/Voice-Based-Personal-Assistant-main,0,0,1,5
wl-1203/IBM,0,0,1,8
Rakesh678219/friendly-giggle,0,0,1,5
Atik1000/Plants-deases-prediction-DL,0,0,1,2
sy1909/undertheC,0,0,1,17
ZeroHero77/NaturalLanguageProcessingWithPython,0,0,1,5
giraffe2021/TRSN,1,0,1,7
shinokoh/UnderTheC,0,0,1,3
pandmi/jobzilla_ai,7,7,1,13
TechLabs-Berlin/st21-jobzilla,1,4,7,30
RiEnRiu/rer_learning_code,0,0,1,28
tensorflow/moonlight,275,65,6,139
khk37601/CapstoneDesign,0,1,3,60
WeilerWebServices/TensorFlow,2,3,1,3
MSD200X/moonlight,0,0,2,91
ekeilty17/ECE421-Assignments,0,0,3,107
KyleYueye/Python-Codes,0,0,1,1
ggiuffre/tf-lyrics,2,1,1,100
anmoljindal/fathom,1,0,1,9
yonginggg/WeiboRumorClassify_Vue_Flask,4,1,1,4
A-RAMZI/PFE,0,0,1,35
htn274/momo-rps,0,0,4,27
ManuZhu/provenance,0,0,1,1
HyeokChan/movie_moa,0,0,1,17
dano000/WatermelonFlask,0,0,1,45
dayu97/Django_DrLink,0,0,1,23
Sabrewarrior/PhotoOrientation,1,0,1,85
zikuicai/WaifuGAN,11,2,1,43
EKYoonD/StockHelper,2,2,5,171
bigdata-3team/Sign-Language-Translator,1,1,4,136
ZiqianZENG/Fair_HIN,1,0,0,16
HKUST-KnowComp/Fair_HIN,3,1,0,16
Ham-jinhee/final.py,0,0,1,1
Alibaba-AI-Globalization/GCR-Rerank,1,1,0,3
panargirakis/CS534_AI_FinalProject,2,0,3,26
Louis-Bagot/AtariRL,0,0,1,52
andreyyruski/AI,0,0,1,34
Boilevin/AzuritBer,3,11,1,150
AlexanderMath/itf,1,0,2,120
erow/disentanglement_lib,0,0,2,26
google-research/disentanglement_lib,1161,179,1,14
colehurwitz/dsvae,0,0,1,7
besterma/robust_disentanglement,4,1,1,9
WeyShi/FYP-of-Disentanglement,1,0,1,6
anshuln/InvTF,0,0,2,101
jymaalouly/Thesis,0,1,2,142
its-gucci/disentanglement,0,0,1,8
travers-rhodes/jlonevae,0,0,1,45
Kiana-M/CapsuleVAE,0,0,1,1
Data-drone/attention_augmented_cnn,1,0,1,24
olmozavala/subsurfacefields,0,0,1,16
richengo/WebApp-Board-Games-Recommender,0,0,1,5
MLTransfer/MLEncrypt-Research,1,0,1,176
nsaura/ML,1,0,1,501
airqo-platform/calibration,0,0,2,22
lionfish0/calibration,1,0,1,5
zhuxinqimac/Ramiel,0,0,1,59
WorldCapital/tf-quant-finance,1,0,27,602
google/tf-quant-finance,3002,404,33,845
rm4216/BayesOpt,13,1,1,3
proganalysis/python3_types,2,0,2,44
hoangcuong2011/LDNMT,0,0,1,7
zhiweiuk/sparse-autoencoder-tensorflow,19,9,1,6
CVUEBARepo/CVUEBA,0,0,1,2
jadhavhninad/Sparse_autoencoder,21,12,1,11
senecal-jjs/Hyperspectral,0,0,2,85
orangeGoran/neuralmonkey-experiments,0,0,1,5
StoyanVenDimitrov/BachelorThesis,1,0,1,4
DotaArtist/paper_clustering,0,0,1,9
JaeDukSeo/Daily-Neural-Network-Practice-2,19,16,1,31237
kasnerz/neuralmonkey,0,0,18,2740
ufal/neuralmonkey,398,106,17,2831
sonineties/macaque-reloaded,0,0,1,367
kangyuansbu/Text2image,0,0,1,4
Ereebay/text2img,7,1,1,1
VincentCa/videogeneration,0,1,2,20
kulkarni-priyanka/Generative-Text-2-Image,0,0,1,7
200016harshjain/Text_To_Image,0,0,4,77
zsdonghao/text-to-image,546,161,4,78
Sayak007/Text-to-Image-Synthesis-using-DCGAN,2,0,1,13
mrahtz/learning-from-human-preferences,175,44,1,503
HumanCompatibleAI/interactive-behaviour-design,0,1,2,527
kedarbartake98/CT_Image_Generation,2,1,3,91
HumanCompatibleAI/learning-from-human-preferences,3,5,3,652
designhubarc/ASL-NET,0,1,2,28
nickpavini/ASL-NET,0,1,2,32
lzil/procedural-generalization,3,2,3,207
sunyasheng/iter_vstab,2,0,2,16
antonilo/unsupervised_detection,185,42,0,25
sunyasheng/video-frame-interpolation,0,0,1,5
HuYuzhang/MVDHM,1,0,1,15
wwZhang0215/dl_project,0,0,1,13
leo880714/Computer-Vision-2021,0,0,1,10
rickyHong/tfoptflow-repl,1,0,1,27
alex04072000/ObstructionRemoval,966,182,1,50
MISTLab/of-obstacledetection,8,1,1,4
atanas1054/m2p3,1,1,1,16
wooramkang/Image-and-Video-Inpainting-with-Deep-NN,7,0,1,75
philferriere/tfoptflow,464,127,1,27
MarlNox/Obstruction,0,0,1,46
abhijeetmote/ObstructionRemoval,0,1,1,3
JihyongOh/FISR,66,10,2,45
umd-fire-coml/MultiSeg,6,3,5,268
michael5107414/CV_project,0,0,3,37
HZYYYYY/Rubik-s-Cube,0,0,1,20
abollu779/Multiple-Object-Tracking,0,0,1,12
dragonlong/flow-EAST,3,2,1,11
milo168/ECE209TimeStamp,1,1,2,25
nat06/Navigation_Assistance_for_the_Visually_Impaired,2,2,1,9
luke-who/Federated-Learning-Project,2,0,1,16
google-research/federated,288,102,33,457
blessengeorge/compare_gan,0,0,4,16
yanzhh/GLANN,5,7,1,1
xiao7199/compare_gan,2,0,4,19
dadashkarimi/seq2subj,0,0,1,40
dadashkarimi/seq2sql,86,23,1,28
dadashkarimi/strip-shot,0,1,1,3
D-K-E/image-denoising-tf,0,0,1,1
Viva-Lambda/image-denoising-tf,0,0,1,1
MikeHeaton/Handwriting-Generation,0,1,1,19
rlagur9286/image_searcher,0,0,1,87
BrianSantoso/SketchGAN,30,2,1,226
Riksi/nerf,0,0,1,2
butler-julie/PDNNI,0,0,2,237
livey/scalable_maddpg,43,11,2,164
AndreiDob/TrafficLightsYOLO,2,0,1,16
Eleven-Z/tf-encrypted,1,0,24,590
tf-encrypted/tf-encrypted,981,174,24,595
harshvardhan-mishra/Pain-Detection-using-Facial-Recogntion,0,0,1,2
k-jingyang/Risk-Adaptive-FYP,0,0,1,5
royliu3719/spades,0,0,1,1
robertocalandra/the-feeling-of-success,9,2,1,2
miczed/learny-mc-learnface,0,0,3,63
yuayi521/deep-direct-regression,2,1,1,189
sirzzang/Lecture-Multicampus,4,1,1,104
zoeyangyy/event-extraction,1,1,1,24
pnshiralkar/text-to-handwriting,32,21,2,17
imvickykumar999/hackathon-iot-car-parking,1,0,1,294
ayush016/Handwritten,0,0,1,2
ayush016/StudentHelper,0,0,2,17
krison44/text2HandWriting,0,0,0,6
Pravallika-Myneni/speech-to-handwritten-notes,1,0,2,15
JKaplan98/text-to-handwriting-model,0,1,2,3
sihcpro/Reinforcement-Learning-Racing-Car-Backend,0,0,1,4
jsnnet/myweb,0,0,1,40
ignasbra/Bakalaurinis,0,0,1,8
Bellman-devs/bellman,40,4,5,17
secondmind-labs/markovflow,16,1,4,64
ma-ath/traffic-analysis,0,0,1,15
mukehvier/tensorflow-prob,0,0,65,909
ainklain/pearl_tf2,1,0,1,10
artbees/probability,0,1,162,3781
kbronik2017/Non_Euclidean_UCL,0,0,1,53
zhoudoao-bayes/tf-probability,0,0,130,2856
ainklain/mynlp,1,3,1,113
tensorflow/probability,3601,969,409,11305
moonosign/pink_moon_04_21,0,0,1,2
youlingwangzi/TensorFlow,1,0,1,30
HephyAnalysisSW/DeepLepton-Training,0,0,2,34
LuchnikovI/QGOpt,35,3,4,368
ericyu0510/A3C-FlappyBird,0,0,1,3
deepdrive/deepdrive,739,125,5,831
Frostday/IMRDb,1,1,3,60
imhgchoi/pytorch-implementations,3,1,1,81
sanchjain/IMRDb-archived,0,0,2,43
tariqdaouda/Spyrkle,2,3,2,108
Daniel-H-99/Mead,0,0,1,22
eyounx/VirtualTaobao,464,87,2,33
kaphka/imi-master-thesis,2,0,1,114
manucarbonell/gcn-form-understanding,3,1,0,36
uniBruce/Mead,72,10,1,31
ginobilinie/medSegmentation,4,1,1,10
stanfordnlp/phrasenode,30,12,3,29
deepakjain61/ui_automation_machine_learning,0,0,0,4
MoCuishle28/deep-learning-practice,0,0,1,293
zhangbo2008/pytorch,0,0,1,2
yash1996/DL_curated_intuition,0,0,1,5
Jungjee/RawNet,168,41,2,131
ItsQure/Deaf-VOIP-Empowerment,1,0,1,7
HavenFeng/photometric_optimization,245,46,2,49
xuhaiming1996/transformer-with-diverse-beamsearch,3,0,1,8
pliang279/Competitive-Emergent-Communication,3,2,1,68
yune-lilias/Datathon,0,0,4,80
DuaneNielsen/mentalitystorm,0,0,1,38
ginobilinie/asdnet,22,5,1,11
pranjalvithlani/action_recognition_ucf101,2,2,1,36
dmh-cs/entity-linking,1,1,1,536
opendilab/DI-engine,404,73,23,315
ki-yungkim/Python_FinalProject_ML_Mushrooms,0,0,6,322
anandgokul18/Implementing_DL_Research_Papers_in_PyTorch,6,2,3,49
dertilo/terminology-injection,1,0,1,1
tongtong-China/DL,1,0,1,35
stadlmax/Graph-Posterior-Network,19,6,1,4
ymcdull/classification,0,0,1,7
BassemKaroui/Projet_final_AJC,0,1,1,7
yash1996/mnist_deployed_pytorch,0,0,1,3
AhnHeeYoung/Projects,0,0,1,32
PandoraLS/pytorch,0,0,1,31
raghavduddala/PR2_Object_Manipulation,1,0,1,9
disha00991/Surface-Reconstruction,1,0,1,3
clips/mfaq,8,2,1,7
dhritiwasan14/AI-Project,0,1,1,8
XinnaPan/reid_utal,0,0,5,334
furunding/LRL,0,0,1,3
xavierrb44/hardware-aware-transformers,0,0,1,2
gaoshangle/complet_OCR,1,0,1,1
achrafsahnoun1/hand-digits-recognition-flask-heroku,0,0,1,1
HaiyinPiao/pytorch-a3c,0,0,1,3
vantree/HSI,0,0,1,15
Gal-Gilor/Winnie-the-pooch-classifier,1,0,1,50
bionick87/PredNet-ConvGRU,26,3,1,4
Kaiya/cs231ndemo,0,0,1,4
jhashilpa/BlackFriday-Heroku,0,0,1,2
batra-mlp-lab/lang-emerge,92,20,1,9
zixuedanxin/py_learn,0,0,1,2
Prasanna-Kumar-Gaddad/Deep-Learning-Projects,0,0,1,29
Prasanna-Kumar-Gaddad/Plants-Disease-prediction,0,0,1,15
xnancy/russ,9,2,4,124
liuxiaotong15/ae_3d,0,0,1,291
professorli123/machine_learning,0,0,1,1
ihish52/d-HAT,0,0,2,35
LishudaNoBug/learning_PyTorch,0,0,0,1
aarontan-git/Learning,0,0,0,26
Linwei-Chen/Pytorch-muti-tutorial,0,0,1,5
drramakantbaghel/nnn,0,0,7,117
keineahnung2345/MorvanZhou-PyTorch-Tutorial-With-Detailed-Note,4,5,6,98
MorvanZhou/PyTorch-Tutorial,6586,2952,7,117
takemdarlington/image_classify_cifa10_app,0,0,1,2
HamidBekamiri/Indicator_semantic_search,0,0,1,3
jiangzian96/GNN-facebook-page-recommender,0,0,1,12
ColinWan/DL21SP20,0,2,3,175
opendilab/DI-star,272,34,6,33
NgvTue/test,0,0,1,22
dmontag23/qa-streaming-pipeline-challenge,0,0,1,11
jedz5/DI-engine,0,0,2,26
TanmayKhot/Visualizer-for-Adversarial-Attacks,18,3,3,59
nicehiro/pytorch-a3c,0,0,1,3
lwh16/Empatica-Data-Analysis,0,0,1,1
mikwieczorek/farfetchChallenge2021,0,0,0,1
Asocsar/Segmentacion-de-documentos-digitales,0,0,1,21
jfrancis71/PyGenBrix,0,0,1,310
crs4/deep_framework,4,0,2,392
salanueva/UniVSE,8,3,1,170
AyodejiIbimilua/plant-diseases-recognition,0,0,1,2
lbcb-sci/GNNs-Hamiltonian-cycles,0,0,1,28
MatthewAbugeja/osnet,0,0,1,1
mununum/ray,0,1,321,51103
ocropus/ocropus4,11,5,2,560
zewei-long/fedsiam-pytorch,0,1,1,5
qiulingxu/consistent,0,0,2,62
sairaghav/QA-Challenge,0,0,2,56
KKN18/Naver-News-Sentiment-Analysis,0,0,1,53
knalbant/oppel,1,0,1,10
sysml-quantify-perception/quantify-perception-aes,0,0,0,2
mishra27/vipykube,0,0,1,6
EunBunny2/reviewStagram2,0,0,1,9
joycex99/adversarial-training,9,0,5,213
YunseokJANG/l2l-da,20,4,1,2
DashanGao/SPAA,1,0,0,11
revbucket/geometric-certificates,34,2,2,165
revbucket/mister_ed,68,10,4,210
matthew-mcateer/adversarial_losses,0,0,1,10
Jay-Lewis/NN_cert_methods,0,0,1,4
EvaFlower/spaa,0,0,1,1
zhangchuheng123/Reinforcement-Implementation,344,67,2,24
jcpeterson/cifar10-human-experiments,2,1,2,327
andrei-ars/muzero-v4,0,0,1,1
cassidylaidlaw/ReColorAdv,23,5,1,21
covidxray/covidxray.org,0,0,2,54
andrei-ars/rl_web_imitation,0,0,1,1
Djoongaar/loader,0,0,1,9
linjiaty/SNN_prefetcher,0,0,1,2
andrei-ars/muzero-test2,0,0,1,9
abyravan/se3posenets-pytorch,10,6,1,8
andrei-ars/muzero-test3,0,0,1,26
facebookresearch/FLSim,68,6,11,29
maxrowland/LendingClub,0,0,1,16
phungpx/SSD_pytorch,0,0,1,15
zhiqwang/demonet,20,3,1,157
koulanurag/muzero-pytorch,233,38,3,15
mdhiebert/meta-minichess,1,0,2,132
chandar-lab/LoCA,3,1,2,47
bengioe/implementations,1,0,1,16
tilman/compositional_elements,1,0,1,276
denizalperacar/MSG-GAN,0,0,2,66
gbxu/vision,0,0,428,2060
Fangjin98/distributed_PS_ML,1,1,1,111
Tenire/Pytorch,0,0,1,6
Hunger-Prevails/vision-models,0,0,1,1
samuelbortolin/torchvision,0,0,1,1
mantianlong/deep-learning-for-cv,1,0,1,11
ncsu-landscape-dynamics/LAMP_assay_automation,1,1,3,195
SaradaPrasadp/vision,0,0,426,1988
leidi1989/edgeai-torchvision,1,0,1,1
tamnguyenvan/mobilenetv3-face-gender,0,0,1,2
huangyingw/pytorch_vision,0,0,401,1872
sugiyama404/chat_bot,0,0,1,21
WdBlink/Object-Detection-Zoo,0,0,1,5
futurelife2016/vision,0,0,443,2206
gabrielfougeron/PyTorchLakeSegmentation,0,0,1,6
xiaohu2015/ssd_pytorch,7,0,1,40
GiuseppeCartella/Indoor-Scene-Understanding,0,0,3,136
gradsim/gradsim,64,3,1,5
nandokwang/Vision_models_review,0,1,2,36
jkuck/BPNN,8,2,2,185
xiaoqi25478/Job,1,1,1,86
Vinaypavanguntur/image-classifier,0,0,1,2
muammar/ml4chem,77,14,2,432
nik31096/control_algorithms,0,0,1,57
daovietanh190499/structure-from-motion,8,0,1,45
dysdsyd/VO_benchmark,2,0,1,39
cvlab-epfl/disk,135,16,3,31
anonicmla/ssltsc,0,0,1,1
Goschjann/ssltsc,3,0,3,12
ain-soph/trojanzoo,128,32,7,1243
derekdstratton/FacePretraining,0,0,2,12
gau-nernst/vision-toolbox,5,0,1,70
LinB203/Torch_Classify,8,3,1,8
dudeperf3ct/end-to-end-images,2,0,2,16
ffiirree/cv-models,2,1,1,111
pytorch/vision,10939,5647,472,2493
Nayoung-Kim-ICP/VQAC,3,1,1,5
Mushroomcat9998/Classification-training,0,0,1,4
isLinXu/DL_Frame_Models,0,0,1,7
etetteh/vision,0,0,1,6
ComputerVisionLaboratory/subspace_metriclearning,0,0,1,12
xiaohu2015/nncls,4,0,1,57
kaylode/mediaeval21-vsa,1,0,1,107
moskomule/mae.pytorch,1,1,1,16
buttercutter/gdas,6,1,1,67
fanchenyou/HME-VideoQA,52,13,1,48
Jumperkables/trying_blp,0,1,1,3
Liesy/Lab-Work,0,0,1,61
sfu-gruvi-3dv/sanet_relocal_demo,45,10,1,9
fanchenyou/EgoVQA,7,0,1,10
mlab-upenn/ISP2021-object_detection,2,2,3,248
PoieoDev/paillier,0,0,1,1
mjafri118/paillier-optimization,0,0,1,6
isi-nlp/rtg,21,4,4,1179
YTMartian/Pipe-Defect-Detection,0,0,1,90
UdaikaranSingh/Hierarchial_VAE,0,0,1,2
AConati/amnom-chess,0,0,3,53
cselab/covid19,0,0,8,861
jihoonl/VAEs,0,0,1,23
PyTorchRL/pytorchrl,15,2,3,787
pyro-ppl/pyro,7322,895,111,2304
tridungduong16/Learning-ML-Course,0,0,1,29
yhchen12101/My_MPO,0,0,1,2
grahamgrieb/ir-based-qa,0,0,1,9
jdwillard19/surface_temp,1,0,1,201
rb-rl/MADDPG,0,0,1,81
jdwillard19/MTL_lakes,5,4,1,202
w86763777/hcc-ml,0,0,1,10
chrhenning/hypnettorch,35,4,3,33
chrhenning/posterior_replay_cl,7,1,2,9
HikariX/ML2021,1,0,1,33
daisatojp/mpo,23,12,1,55
joycenerd/Reinforcement_Learning_2021,0,0,1,33
OrangeCH3/TSP,1,0,1,2
Rintarooo/TSP_DRL_PtrNet,66,25,1,80
RobertCsordas/ndr,8,1,1,7
kiudee/cs-ranking,59,14,4,853
libilab/rsfMRI-VAE,5,1,2,10
piotrostr/helping-the-parents,0,0,1,57
jedi2610/tuxkart-ai,2,0,1,122
dfd/CS7643_group_project,0,0,1,136
nbeshouri/universal_transformer,1,1,1,97
Coderx7/A-Quick-and-Simple-Pytorch-Tutorial,7,0,1,17
seungyoon/CS7643_group_project,0,0,1,61
gizatt/scene_generation,4,1,1,457
VaticanCameos99/knowledge-distillation-for-unet,16,4,1,12
sally20921/ConSSL,55,52,1,74
me2140733/AKI,0,0,3,8
DolceLatte/MalwareDetector_on_pipeline,1,0,1,52
me2140733/AKI-Diagnosis,0,0,4,11
PeterZhizhin/HSE-DeepLearning-NCSN,4,0,2,70
oycq/bin_entory_exponent,0,0,1,98
dragen1860/IntroVAE-Pytorch,40,13,1,25
Mckiev/RL-preferences,0,0,1,45
maxfrei750/paddle,0,0,1,384
parsatorb/PyTorch-Saccader,5,1,1,14
hypnopump/rgn2-replica,29,13,4,212
bytegoing/CETMarkQuery,8,2,2,13
tilocher/Semester_Project_Timur_Locher,0,0,1,3
wangxiaodong1021/HCC_Prognostic,12,7,1,9
tapasML/Session9,0,0,2,9
helena-maia/multistream_HAR,0,0,2,567
sopilnyak/antonovka,0,0,3,35
k2khan/deepLearning,0,0,1,2
birdortyedi/instagram-filter-removal-pytorch,27,3,1,23
anellenson/DeepBeachState,4,0,1,57
kooyunmo/GAN-detector,2,2,4,46
yling1035/CAM_visualization,0,0,1,1
Balmukund151/EVA4,0,0,1,35
cosbidev/MES-CXR-COVID-19,0,0,1,7
parkerashlan/Fellowshipai-Challenge-1,0,0,1,3
helpthx/TCC-2-UnB,0,0,1,44
lssac7778/Off-road-Benchmark,7,0,1,44
apyrros/HCC-comorbidities,0,1,1,16
Lee-Gihun/LG_VisionModule3,0,2,2,33
Anjalichimnani/EVA4,0,0,1,81
leeso1718/StockMarket_explainableAI,0,1,3,349
ilyak93/GAIN-pytorch,3,1,1,291
CuAuPro/VGG16_MVTec,0,0,1,3
ma-xu/DistKernel,1,0,1,232
mishra27/CS760-final-project,0,0,1,15
samaonline/CNN-filter-similarity,1,0,1,2
tasn19/RTAI,0,0,2,59
ma-xu/NANet,3,0,1,249
DasuberVetLeonidas/Veterinary-Radiograph-Abnormality-Detection,0,0,1,3
parkerashlan/Arnold-BarkNet,0,0,2,19
jake-sippy/data-staining,0,0,1,75
tapasML/EVAB2_Session10,0,0,1,4
unnamed42/metastasis-analyzer,0,0,1,10
kazuto1011/grad-cam-pytorch,697,159,1,36
CheungBH/CNN_classification,0,1,3,85
Cherishzyh/ProstateECE,2,0,1,25
CheungBH/ImageClassifier,0,0,1,105
ma-xu/SPANet_TMM,3,0,1,63
ma-xu/Dynamic-Conv,1,1,1,14
huangchuanhong/VisualExplanationMethods,0,0,1,28
TF-Liu/NJUSE-AutomatedTest,0,0,1,2
arctictrader13/FACT,0,0,4,103
yukeyi/MCDS-Capstone,0,0,4,167
thanhkaist/AttentionResnet,31,7,1,29
yangcyself/CS385ML,2,2,3,232
ma-xu/DCANet,108,24,2,17
plat320/Classification_based_AD,0,0,1,2
kellyzhu11/COVID19-Pneumonia-Detection,1,0,1,22
Nyquixt/CoConv,1,0,1,27
DanielF29/Grad-CAM_tests,0,0,1,33
kwxu/bmi_regression,0,0,1,19
logichen/ZeroSNet,1,1,1,19
tedtroxell/metrician,0,0,1,25
nikunjlad/Interpretability-in-Image-Classification-Techniques,0,0,2,80
ma-xu/Efficient_ImageNet_Classification,14,7,1,17
plat320/BI_detection,0,0,1,18
lod531/smoothing,0,0,258,2054
yanggg1997/pytorch_utils,1,0,1,13
tzofi/xray-ai,1,1,1,10
clairebub/interpretability,0,0,1,39
YousufAzadSami/Deep-Learning,0,0,2,16
teddykoker/u-noise,37,5,1,3
theNinthElement/Visualization-and-Medical-Image-Analysis,1,1,2,47
henktillman/gradpam,0,0,5,335
benotsmane/SOTA-Conditional-Generative-Modeling-via-Learning-the-Latent-Space,0,0,1,2
sfu-gruvi-3dv/msp_rot_avg,3,0,1,5
ysyisyourbrother/SYSU_Notebook,500,148,1,19
lijinmin1/MaybeUseful,8,0,1,11
zqbai-jeremy/DFNRMVS,102,21,1,7
AlphaBetaGamma96/CustomDeterminantFunction,0,0,1,6
LHBO/ShapleyValuesVAEAC,0,0,1,18
Voice-Privacy-Challenge/Voice-Privacy-Challenge-2022,11,3,7,393
nii-yamagishilab/project-NN-Pytorch-scripts,135,26,2,226
HumanCompatibleAI/eirli,17,2,6,2353
Lumotheninja/50.039-deep-learning,1,0,1,32
SmellingSalt/amazon_review_sentiment_analysis,0,0,1,29
joycenerd/Image_Manipulation_Techniques_Visual_Effects,0,0,1,26
chonlei/neural-ode-ion-channels,1,2,1,81
tjohanne42/api_nlp_trustpilot,1,0,3,40
nanoporetech/taiyaki,102,39,10,768
udishadc/taiyaki,0,0,1,30
B4RT1M/Reinforcement-Learning-,0,0,1,16
HeYuwei/AIconference,8,2,1,26
howardh/scribe,0,0,1,24
NLESC-JCER/QMCTorch,15,2,3,1070
Liangrj5/Compress-Net-ED,0,0,1,25
cwkx/ShapeTracing,0,0,2,2
cinniehsiung/Bottleneck,2,0,2,61
gpleiss/ciq_experiments,2,0,1,9
kb-labb/ad_classification,0,0,1,3
nihilistsumo/Blackbox_clustering,1,1,1,241
dlpbc/penn-a,5,0,1,9
pytorch/botorch,2201,248,55,1096
tangzhenyu/botorch,0,0,1,3
jaggaer-ngvozdenovic/Contract-Analysis,2,0,1,75
bpriviere/decision_making,5,0,1,196
mazo20/MLP-project,0,0,2,127
Marti242/DConv,1,0,1,5
charleschen0803/Deep-Learning-Projects,0,0,1,3
zhihanyang2022/cql_modified,0,0,1,24
Pongpisit-Thanasutives/Multi-task-Physics-informed-neural-networks,9,3,1,406
wuyongfa-genius/Background_Substraction,3,0,1,6
ivartz/IN9400_exercises,1,0,1,36
Fraunhofer-SCAI/wavelet_pooling,17,1,1,162
RomeoV/ProbabilisticAI-Projects,1,1,3,58
q1park/docstructure,0,0,1,7
IHR-Nom/utils,0,0,1,1
Kim-Dongjun/Posterior_Aided_Regularization_for_Likelihood_Free_Inference,1,0,1,5
Kim-Dongjun/Sequential_Likelihood_Free_Inference_with_Implicit_Surrogate_Proposal,0,0,1,5
CameronFen/sbi2,0,0,24,780
singh-rounak/sbi,0,0,1,2
fortytwo42424242/anonymous_repo,0,1,1,27
obok13/NN-DOBO,1,0,1,7
obok13/B-PINNs,8,4,1,20
MingyuKim87/hamiltorch_source,0,0,1,1
zzh237/quanthmc,0,0,1,88
hyunjimoon/cosim,0,0,1,5
AdamCobb/hamiltorch,217,43,5,59
statisticallyfit/PythonNeuralNetNLP,2,0,2,655
2019-dl-training-program/Lab2,0,3,2,8
ZmaraXion/DL_course,0,0,1,7
imflash217/lightning,0,0,1,6
Officium/RL-Experiments,47,8,2,82
humorbeing/python_github,0,0,1,283
Mibokess/riai-deeppoly-abstract-nn-verifier,0,0,1,43
dfioravanti/copula_vae,0,0,1,152
BYU-PCCL/DeepVisualKalman,0,1,1,6
kenzoyan/ELEC-E8125-Reinforcement-Learning,0,0,1,2
anonymoussubmitter22/Neurips_2021_submission,2,0,1,3
loicCQAM/musicSep,2,0,1,236
StuartIanNaylor/speechbrain-notorch,0,0,1,2
TParcollet/speechbrain,0,1,25,4025
speechbrain/speechbrain,3760,698,81,5969
rbg-research/AI-Training,1,16,14,160
johntremblay/sb,0,0,37,4629
salah-zaiem/PL-groupselection,1,1,1,1
eric88525/dprnn_package,0,0,1,4
LCF2764/autoKWS2021_1st_solution,4,1,1,2
salah-zaiem/Pseudo-Label-Selection,0,0,1,2
Lukeli0425/VASP,0,0,1,6
Damien-Da/Speechbrain,0,0,1,3
hieule88/SpeechSeparation,3,2,1,29
ZhaZhaFon/speechbrain_own,0,0,1,2
Qianjx/Open_SIS_system,0,0,1,3
jjery2243542/speechbrain_public,0,0,36,4615
jiheechoi6/voice_verification_api,1,0,1,6
flexthink/__speechbrain,0,0,36,4626
